1,est
2,null
3,cert
4,cu
5,key
6,assert
7,test
8,server
9,len
10,client
11,cacert
12,ectx
13,csr
14,defin
15,void
16,set
17,int
18,err
19,suit
20,use
21,pem
22,enrol
23,return
24,non
25,static
26,char
27,pkey
28,ctx
29,read
30,bio
31,new
32,data
33,auth
34,add
35,http
36,m0nty3odkw
37,mtiz
38,error
39,st
40,cacerts
41,attr
42,includ
43,us894
44,unsign
45,ndu2nzg5mdey
46,init
47,us893
48,q1njc4otax
49,log
50,privat
51,us901
52,port
53,us899
54,evp
55,us1060
56,priv
57,token
58,free
59,x509
60,cmd
61,func
62,srp
63,pkcs7
64,req
65,start
66,proxy
67,nm
68,serv
69,curl
70,printf
71,us898
72,proxi
73,case
74,pkcs10
75,crt
76,password
77,rc
78,rsa
79,ip
80,simpl
81,path
82,openssl
83,good
84,format
85,certif
86,ut
87,mode
88,cunit
89,stop
90,callback
91,sleep
92,destroy
93,fail
94,uidpwd
95,e
96,user
97,get
98,us748
99,valid
100,us897
101,us903
102,file
103,endif
104,us4020
105,fre
106,strlen
107,long
108,attribut
109,raw
110,us3512
111,ssl
112,pass
113,system
114,pop
115,segment
116,authent
117,us1005
118,pwd
119,basic
120,call
121,credenti
122,estservercertandkey
123,binary
124,fil
125,200
126,rv
127,us1159
128,function
129,estus
130,estpwd
131,max
132,creat
133,sinc
134,bad
135,enabl
136,explicit
137,context
138,pubkey
139,ct
140,verifi
141,us2174
142,generat
143,success
144,private
145,print
146,attempt
147,disabl
148,uid
149,cleanup
150,enroll
151,size
152,tc2
153,nid
154,us3496
155,us1883
156,contain
157,stderr
158,requir
159,url
160,address
161,post
162,retrieved
163,127
164,request
165,keyin
166,approv
167,registri
168,malloc
169,trust
170,chain
171,certin
172,us3612
173,bas
174,code
175,cur
176,manual
177,generate
178,outfil
179,certkey
180,exampl
181,curlauth
182,retriev
183,test5
184,valu
185,respons
186,seg
187,const
188,off
189,ifdef
190,initi
191,test1
192,expect
193,ifndef
194,selfsign
195,cnf
196,tls
197,open
198,us1864
199,check
200,clean
201,realm
202,respond
203,run
204,digest
205,logger
206,api
207,trustedcert
208,follow
209,string
210,expir
211,fp
212,tcp
213,info
214,test2
215,sign
216,els
217,invalid
218,work
219,routin
220,nopop
221,cb
222,util
223,mismatch
224,ydi
225,sprintf
226,need
227,challeng
228,us895
229,trusted
230,resourc
231,buffer
232,none
233,cisco
234,1024
235,restart
236,critical
237,sect
238,name
239,csrattr
240,strncmp
241,t
242,instanc
243,cue
244,on
245,corrupt
246,simpleenrol
247,applic
248,support
249,match
250,win32
251,perform
252,oinw
253,unit
254,zihvc
255,note
256,us900
257,provis
258,reenrol
259,test3
260,search
261,401
262,bn
263,alloc
264,test4
265,buf
266,zsbtrvqg
267,yxmg
268,mi45otku
269,logg
270,lvl
271,test7
272,txt
273,local
274,u0vuigfz
275,idiu
276,otk5lj
277,signatur
278,400
279,oper
280,attr2
281,easy
282,ba
283,san
284,simplifi
285,antinat
286,sys
287,implicit
288,libcurl
289,failur
290,simple
291,provid
292,crl
293,ybaqebfg
294,fingerprint
295,succeed
296,test10
297,extens
298,length
299,critic
300,section
301,paramet
302,unabl
303,target
304,option
305,s
306,test6
307,enable
308,sock
309,us896
310,win
311,next
312,ptr
313,retri
314,test9
315,latest
316,break
317,base64
318,filenam
319,known
320,matrix
321,configur
322,mem
323,well
324,type
325,disable
326,default
327,test8
328,chang
329,intern
330,b64
331,tc10
332,https
333,make
334,correct
335,fqdn
336,layer
337,exist
338,estrealm
339,abort
340,q1njc4otaw
341,naqk
342,dqyjko
343,assign
344,pair
345,verif
346,uniniti
347,test11
348,bogus
349,yxrh
350,ndu2nzg5mdax
351,strncpi
352,copyright
353,inc
354,right
355,reserv
356,stdio
357,unistd
358,autom
359,command
360,keypair
361,structur
362,specif
363,dealloc
364,close
365,send
366,c
367,sure
368,have
369,p
370,cn
371,tell
372,found
373,attr1
374,ndu2nzg5mbjl
375,mdey
376,exit
377,rsa2048
378,hostnam
379,side
380,differ
381,revok
382,connect
383,pid
384,back
385,userid
386,4020
387,bzqmeag
388,igcssk
389,mccaebcz
390,hnd
391,stori
392,ident
393,output
394,ifnfvcbhci
395,al
396,list
397,see
398,snprintf
399,expected
400,issu
401,switch
402,sizeof
403,qyxjz
404,q1njc4otasztey
405,messag
406,cat
407,determin
408,full
409,obtain
410,anoth
411,must
412,given
413,result
414,bglghkg
415,base
416,errors
417,eckey
418,automat
419,grep
420,identifi
421,main
422,wc
423,no
424,confirm
425,mod
426,attr4
427,attr5
428,clear
429,also
430,made
431,dqp
432,regist
433,group
434,2048
435,zg9l
436,dsa
437,whether
438,written
439,tri
440,ensur
441,forc
442,order
443,spin
444,one
445,load
446,noclos
447,stdout
448,anticip
449,signature
450,sig
451,alg
452,write
453,ecdh
454,0x30
455,0x03
456,mbstring
457,asc
458,wildcard
459,shutdown
460,ljk5os4x
461,igrhd
462,122
463,117
464,all
465,del
466,easi
467,old
468,preserv
469,f6e
470,setopt
471,newkey
472,keyout
473,yjko
474,der
475,public
476,test16
477,test17
478,app
479,real
480,curlopt
481,keyform
482,outform
483,delmak
484,ga1uebh
485,mcvvmx
486,ajbg
487,nvbag
488,mak5dmqww
489,ydvqqh
490,dansvfax
491,nvbao
492,content
493,nmemb
494,status
495,way
496,extern
497,0x01
498,0x06
499,subject
500,alt
501,test12
502,config
503,mzugfyc2ug
504,zgf0yqyhkw
505,revoked
506,16894
507,tc1005
508,pk7
509,gvi
510,w5n
511,ec
512,expired
513,filename
514,naqebbqadgg
515,cgg
516,bignum
517,word
518,0x10001
519,ex
520,uri
521,0x00
522,0x04
523,encod
524,copi
525,tc899
526,com
527,cfg
528,compar
529,gsib3dqejbw
530,yhkw
531,jamdagg
532,116
533,244
534,245
535,250
536,testrealm
537,safe
538,hdr
539,gcsq
540,set1
541,bit
542,handl
543,enter
544,0x31
545,mctx
546,ipv4
547,ext
548,cacrlcert
549,tc4020
550,laydi
551,cmsuga4g3aw
552,eexl
553,nopoppop
554,attr3
555,gaqebari
556,gaqebarygbi
557,test26
558,act
559,sslvers
560,conn
561,accept
562,oid
563,tc11
564,memset
565,strcmp
566,ihlvd
567,igni
568,danger
569,miicv
570,tccaa
571,ucaqaw
572,aqbg
573,mcvjtqwnlcn
574,rjbz
575,emmao
576,ga1uecww
577,dcn
578,mraw
579,ydvqqd
580,dadyc2eg
581,mrow
582,gayjko
583,bfgtyc2fazg9l
584,nvb
585,tccasiw
586,nhvc
587,epadccaqo
588,eban6p
589,ctbr
590,k7t029bganq0qhxhi
591,nl8opvxc7ji
592,qz39r3j9bo
593,be72xz0qx
594,ueygnh
595,hola
596,isasnzs2zkwpv
597,mhjwm
598,pynt39oci48i
599,fog
600,ldb
601,an83m
602,aoksfc
603,mlbib
604,ccsh4holhaa
605,wsk
606,rtasew16muoz
607,fu6v
608,bkw
609,i82j
610,kpyws0d
611,yoxu
612,wfig
613,e1hl
614,gplbzq7fr
615,bidrqk
616,ddgi
617,dd5nu
618,lmjgdak7v
619,b1ww
620,baw
621,6ai9v5psye1v8f
622,wdr6hw2gg9xn
623,b4p
624,cg1rl1l
625,systum
626,tgyb
627,m6cx
628,jyw
629,djj1zw
630,z1w
631,ixa
632,baxzax
633,xox0hn
634,zmtefx
635,fk1kv0caw
636,eaaa
637,aama0g
638,csq
639,e8l8j
640,fkr1h
641,svee
642,aqa58ruf
643,z4usku
644,nlsih7ucf8bk
645,qvgljnhsc
646,qucz
647,ibn
648,jzeq
649,epq
650,sdnom
651,fw6cv
652,x87fgyx
653,jgpw
654,nutn
655,uifj
656,zhr
657,wgf
658,nnbt
659,hrkecw
660,zex4
661,hc127jt
662,e3ci
663,dsr
664,a1o
665,yrcq93t
666,w2q9plvm
667,llyjc
668,s1khvd2nya79kf
669,s0ygmocsw1gel
670,vl2iz
671,ocay
672,as5gb9y2
673,ebw
674,yzw6vhj5qjp
675,cuz
676,j3e8cl3vd4kpi3j3b
677,py56
678,auxar
679,wss
680,nci
681,h6e99w3tmr
682,uzb
683,lljkj
684,j7p
685,bxrnontgm5wzm
686,qfh4x
687,yhko
688,appropri
689,receiv
690,cmc
691,srv
692,leav
693,prime256v1
694,import
695,0x0c
696,0x0d
697,first
698,instead
699,localhost
700,index
701,test18
702,xml
703,socks4
704,could
705,pointer
706,qcag
707,ebaqewbgcr
708,idey
709,numer
710,place
711,probabl
712,fli
713,tc1883
714,zgdja9mdmd8j5zi
715,aaw
716,256
717,specifi
718,secp384r1
719,va
720,vfprintf
721,fflush
722,fprintf
723,0x55
724,0x86
725,0x81
726,may
727,subj
728,md
729,asn
730,flag
731,method
732,test13
733,test14
734,test15
735,cacrlcerts
736,nam
737,debug
738,attr7
739,attr6
740,ugfyc2ug
741,zgf0ysax
742,q1njc4otbh
743,supersed
744,test27
745,handshak
746,cipher
747,hint
748,convert
749,envelop
750,ig9m
751,dqo
752,swg
753,header
754,equival
755,reg
756,force
757,unknown
758,retry
759,cqydvqqgew
760,never
761,fopen
762,fclose
763,librari
764,inform
765,empti
766,0x09
767,entri
768,haproxi
769,multipl
770,dis
771,bmrs
772,tgvbhcn
773,rqyxjz
774,q1bgcr
775,sent
776,authentiaiton
777,flow
778,bearer
779,slist1
780,3600
781,29001
782,rsakey
783,zizjg
784,miibmtcb2g
785,ibadb4mqsw
786,jvuz
787,elmak
788,ga1uecaw
789,ctk
790,ddakbg
791,nvbac
792,a1juudesmbaga1uecgw
793,jrundb21w
794,yw55mq4w
795,epma0ga1u
796,aww
797,grumg
798,mrkw
799,bfgpl
800,y0bkb2uu
801,y29t
802,mfkw
803,zizj0c
804,aqyiko
805,zizj0daqc
806,dqg
807,aeo1usz
808,ckd
809,xnfzyg
810,nlne
811,s8az
812,qkod1516gt9qd
813,dddt9i
814,jn4
815,btnv
816,7k7
817,tji5kts1k
818,wsyyvq
819,lxvnq8q
820,tu1i
821,qj56aamak
822,gbyq
823,gsm49baedrw
824,raig
825,p6qda
826,0tekzfpopg
827,ufw
828,fmrsxc
829,nmu
830,que2yuz16460
831,sqcibf
832,lvmu
833,mey
834,yoqbb
835,x0ifde9yzk
836,rovbcepv
837,k0hc
838,u5k
839,userdata
840,destory
841,time
842,estclient
843,curv
844,even
845,hack
846,caclen
847,indic
848,29496
849,gen
850,ecparam
851,genkey
852,talk
853,fread
854,d
855,0x2a
856,0x05
857,via
858,save
859,negat
860,without
861,pdb
862,singl
863,zxag
864,srpdb
865,attr8
866,ga4g3aj
867,exl
868,gegbi
869,122pop
870,baqsw
871,117pop
872,yjki
873,qdaw
874,msbk
875,mga4g3bbnrugfyc2ug
876,250pop
877,ga4g3aw
878,exercis
879,smallest
880,allow
881,taken
882,socket
883,test20
884,test21
885,sequenc
886,behavior
887,desir
888,obj
889,pars
890,ugd
891,g8ga
892,g9sb
893,iekga
894,gvhci
895,nck
896,ssdt
897,igzvci
898,cb0a
899,y3jhenk
900,y3jhenkg
901,yxp5lcbjcm
902,b0a
903,report
904,tdata
905,v
906,993
907,untrusted
908,untrust
909,mbaagg
910,bgkqhki
911,fwrite
912,second
913,ecdsa
914,scenario
915,src
916,locl
917,tst
918,srvr
919,somestr
920,build
921,charact
922,equal
923,0x02
924,0x6e
925,0x64
926,0xf7
927,setup
928,number
929,common
930,modifi
931,cach
932,enc
933,modul
934,altern
935,badreq
936,decod
937,999
938,occur
939,complet
940,gencrl
941,test16trust
942,test17trust
943,termin
944,miss
945,ca
946,vfil
947,look
948,strstr
949,variat
950,novemb
951,mas
952,mhww
953,ebaqew
954,ljk5os4i
955,baqswaw
956,bmwqtyl
957,bhcn
958,geg
959,ywix
960,m0ntey
961,larg
962,prior
963,text
964,aes128
965,warn
966,d2i
967,find
968,copy
969,global
970,caus
971,give
972,due
973,4096
974,828
975,8142
976,9999
977,1883
978,interv
979,dsa1024
980,alreadi
981,prime
982,202
983,wait
984,simul
985,bind
986,space
987,grab
988,directori
989,rebuild
990,uripars
991,dir
992,'
993,begin
994,0x0b
995,0x08
996,0x0a
997,0x6f
998,0x65
999,0x9f
1000,0x3c
1001,0xc5
1002,0xd4
1003,pkctx
1004,rather
1005,varieti
1006,libest
1007,sha256
1008,pattern
1009,octob
1010,too
1011,thestartup
1012,miichj
1013,qtel
1014,mccm
1015,wvud
1016,cbpbi
1017,eoldp
1018,zgdld
1019,cbttjoy
1020,miibij
1021,anbgkqhki
1022,kcaqea
1023,xxdw
1024,ckv
1025,andqz
1026,fmxro
1027,nwf
1028,rsg
1029,hzom
1030,memgp
1031,npu0k81g
1032,muz
1033,rqzwmm
1034,jhxw
1035,rqob
1036,ni59oqek
1037,i1t4rk
1038,syzloow
1039,sqon
1040,mzj
1041,t0iq
1042,zdi
1043,rd8l3gj
1044,h3g
1045,eibmqfv62nt
1046,n1csu9df
1047,heg76
1048,jahddd
1049,udjdxo3awi5s7z
1050,llz
1051,plgd4o
1052,k5k1wq
1053,ee2pqhn
1054,zxei
1055,nc94wfq
1056,xq1kyr
1057,w0povl
1058,32mo
1059,wtqtfa7sqe2u
1060,gbxs
1061,rpa
1062,flqj
1063,e8jhoew
1064,x0ngywnvx
1065,krp
1066,kgu
1067,sbic31wvksw
1068,ps8e34pjj
1069,zavdx
1070,qidaqabo
1071,aqefbqadgg
1072,ebaazxvoor
1073,qpi
1074,mndp
1075,rzhhi
1076,d5o2yd7apbbzn
1077,rll1hml5dpgnu
1078,xy7zcyw
1079,qtxw
1080,ngyvt
1081,kja
1082,zci
1083,w7d
1084,zhvn
1085,f5ua3w
1086,ur9r2zno
1087,vr0z9y5wwn1c
1088,jrd
1089,0xbgi6g6f
1090,ddim
1091,psf8gygc
1092,tcchba7uv0i8oi
1093,ciwf5uf
1094,f3nybo
1095,o2z
1096,beynq65
1097,w3ygf
1098,yp0cr0ni
1099,xgkz3qh2xa2e
1100,rfe
1101,w56oejmc
1102,mjq6yx7wac2x
1103,nk3w1g6le1uinzuen
1104,msc
1105,ngnt8fa
1106,i43
1107,ailmd
1108,ekxc30fjx
1109,a12rdh
1110,dyi
1111,fv0
1112,pd4o5u
1113,pkt4j
1114,ritv
1115,apm
1116,ocd
1117,yawqiu2w
1118,vbase
1119,typedef
1120,either
1121,gaqebarygcsq
1122,cmsaga4g3aw
1123,eex
1124,yjyiziawudbaicbgkr
1125,ebaqewbgkqhki
1126,g9w0bcqc
1127,zbni
1128,q1mtiz
1129,ndugbi
1130,miid
1131,gca1o
1132,eeiox
1133,mtisztey
1134,e1fqyxjz
1135,q1njc4otagcwcgsafl
1136,iiaqelmg
1137,ga4g3atfk
1138,e2jqyxjz
1139,ndu2nzg5mgfi
1140,ndux
1141,m0nqyhkw
1142,1025
1143,trustedcertsandcrl
1144,extcert
1145,readi
1146,let
1147,self
1148,anonym
1149,test19
1150,test22
1151,test23
1152,p7len
1153,calen
1154,ossl
1155,pkcs7b64
1156,stack
1157,of
1158,pure
1159,hackeri
1160,f
1161,push
1162,obj2nid
1163,signed
1164,and
1165,blob
1166,iter
1167,sk
1168,represent
1169,jimbob
1170,dns
1171,bobcat
1172,repudi
1173,saniti
1174,ww91igrvbid0ighhdm
1175,b5b3u
1176,cwg
1177,ihrv
1178,jvb
1179,wrpbic
1180,qgd
1181,bya
1182,ugb
1183,ig1l
1184,ghl
1185,z3jl
1186,z2h0a
1187,sdi
1188,ymxh
1189,wrl
1190,ywxs
1191,cb5zwfo
1192,ihro
1193,sbzd
1194,glu
1195,nck9o
1196,cbo
1197,gfk
1198,zxmgb2yg
1199,igrya
1200,w5r
1201,ihroa
1202,gug
1203,sbnb3r0ysbw
1204,cbhb
1205,ssbo
1206,ia0kssdt
1207,idk5ihno
1208,ywrlci
1209,bjcm
1210,glz
1211,igf0ig1l
1212,ia0kdqp
1213,otkgc2hh
1214,zgvz
1215,heap
1216,credentials
1217,catch
1218,asn1
1219,form
1220,29901
1221,dummi
1222,tc2174
1223,forthcom
1224,august
1225,256parm
1226,miicfj
1227,ccaj0caqawf
1228,arbg
1229,mck
1230,rtqunvb
1231,xbhbnkx
1232,anbg
1233,nvbas
1234,mbk
1235,rtqw9i
1236,eqma4g
1237,a1ueaww
1238,hzhnh
1239,igrv
1240,ztea
1241,mbg
1242,gsib3dqejarylzhnh
1243,qgrv
1244,zs5jb20wgg
1245,g2miib
1246,eatccar4cg
1247,yeaq
1248,ifbyk7r
1249,eaa
1250,ulipb1gc
1251,hhc0ctx6g0dh
1252,bfd
1253,opng
1254,bse
1255,tp5uf5lw8qm6o
1256,cxst
1257,u3n
1258,yejalm
1259,mvkj
1260,fwbgv
1261,bws8a
1262,jbnj09d
1263,ddn8sp
1264,kegc
1265,g0m
1266,zpqd
1267,mys6
1268,b4qjjq5yax
1269,atvi
1270,ggm1efdhc
1271,6ezm2t3cg
1272,qklwo5a
1273,bzqcc
1274,cfqdc1ol
1275,bfu
1276,ohj
1277,xaw
1278,ee5epjk
1279,rjw
1280,kbg
1281,lctj
1282,vfnj
1283,ao8x
1284,smamw
1285,nora
1286,nfdi
1287,zceam
1288,d4838n
1289,cgaj
1290,vrqi
1291,db1q5akk
1292,lyxo
1293,jx1yv7g
1294,nba
1295,bnuys3waqdu
1296,nso1htu
1297,eur2cbh
1298,u5i
1299,kbwpj6miwl
1300,d3u
1301,cru4ui
1302,bf9xbi
1303,ana
1304,rid8ct2kchhwy4ok
1305,qmu
1306,yoz4
1307,mqqm
1308,a4geaakbg
1309,duw
1310,r7h3u4cfu
1311,ttr
1312,i50m1txhl
1313,vz3ton
1314,vix
1315,ehpu
1316,aoux
1317,atvkth
1318,jta
1319,cbkc0ehii1b
1320,nug
1321,bub
1322,xfpk
1323,rt3qrlf0
1324,pzgi
1325,0tov
1326,o9p
1327,kjqiw0c10l
1328,nkfb
1329,evdl
1330,xyt
1331,akj
1332,xub
1333,hmi
1334,nog3195
1335,t7o
1336,kxhmt1a
1337,ucro
1338,cqyhko
1339,eaw
1340,adat
1341,uah
1342,pcq
1343,qg3g
1344,kuupkdw
1345,bncm
1346,zfz
1347,wdqjs
1348,cfah0
1349,nzn9hujl
1350,xna
1351,ta1ohjm
1352,pmc
1353,jsx
1354,dsaparm
1355,dsakey
1356,daydvqqldavfq29i
1357,daydvqqldavfq39i
1358,collect
1359,estserv
1360,dumpbin
1361,stale
1362,miibcj
1363,cb3aibadarmq8w
1364,dqydvqqdew
1365,zurvnuq04wg
1366,z8w
1367,naqebbqad
1368,y0amigjao
1369,gbapdhvrk
1370,vb3
1371,fhl
1372,isr
1373,zgixld
1374,ryrd50s2v
1375,fs8m
1376,w5w
1377,wvx
1378,ds3x
1379,nzc
1380,ktqg7juy
1381,w8nyofnwx0ozh
1382,ce87xp2h7t
1383,84zu
1384,ktlu3bjgq1xg
1385,nuu8a1ht10wiy8u2r
1386,ekmh
1387,qwpvt56uy5p
1388,hzuqmql
1389,o0qlm
1390,m58wn49ih
1391,g9w0bcqcx
1392,yrujd
1393,gn1zunuwyd2vu
1394,aow
1395,naqef
1396,bqadg
1397,yeayenrskmf
1398,rixcp
1399,kbv
1400,l3vn
1401,w5n4hc
1402,ltw
1403,i9hcbr744swfqaw
1404,uxd2j
1405,n99agbr
1406,tgh
1407,inwg2c7vz
1408,g6ok9fti
1409,nr9h
1410,5slyhf
1411,sfjbu
1412,iv65r
1413,nvf
1414,lr9n9m2q9jlf7p4ayf
1415,wxd2q
1416,d2xotzw2t4tr
1417,gzgka2jr
1418,b40
1419,mid
1420,march
1421,line
1422,compil
1423,msg
1424,zxqg
1425,0x82
1426,0x11
1427,0x13
1428,0x73
1429,0x48
1430,0xf5
1431,0x4e
1432,0xeb
1433,0x69
1434,0x8c
1435,0xe4
1436,0xfa
1437,0x15
1438,0x2c
1439,0x21
1440,0x18
1441,0x8f
1442,0x6d
1443,0x92
1444,0x78
1445,populate
1446,version
1447,host
1448,logic
1449,append
1450,delay
1451,sec
1452,fals
1453,errno
1454,domain
1455,123456789012345
1456,1234567890123456
1457,tok
1458,explict
1459,less
1460,ccaw4caqaw
1461,mcmga1ueax
1462,igj5ignsa
1463,zw1v
1464,ihn0
1465,eymbyga1uebrmpuel
1466,g9w0baqef
1467,aaocaq8amiibcg
1468,6juwp
1469,wpdwo0i
1470,leih6
1471,ngc0efc
1472,l5l4nx
1473,o14yq
1474,hz7ob3hh
1475,enum
1476,struct
1477,session
1478,mihtmigbbg
1479,ixeg
1480,icap8ga4g3aw
1481,ecg
1482,eceh
1483,qujdrevgex
1484,nduubtey
1485,q1fg
1486,m0nro
1487,fmtiz
1488,nduc
1489,faaaadeaaaay
1490,aaaamw
1491,aaadqaaaa1hgo
1492,amqay
1493,admanaa1bglghkg
1494,ebaa
1495,miienz
1496,cca54ga4g3aj
1497,gca5uga4g3aw
1498,eem
1499,q1njc4otatuvbhcn
1500,255
1501,trigger
1502,api1
1503,short
1504,listen
1505,8087
1506,reject
1507,howev
1508,certs
1509,lot
1510,prove
1511,cal
1512,caught
1513,different
1514,hard
1515,anyth
1516,yet
1517,better
1518,invok
1519,came
1520,wrong
1521,keys
1522,protect
1523,lenp
1524,passphras
1525,genrsa
1526,passout
1527,incorrect
1528,enforc
1529,384
1530,sha
1531,str
1532,slist
1533,usinga
1534,seen
1535,past
1536,avoid
1537,period
1538,futur
1539,sha384
1540,channel
1541,advanc
1542,hold
1543,case9
1544,simpenrol
1545,somestring1
1546,somestring2
1547,129
1548,front
1549,end
1550,0x53
1551,0x66
1552,0x6a
1553,0x32
1554,0x8d
1555,0xb9
1556,0xdd
1557,0xd0
1558,0x50
1559,0x85
1560,0x80
1561,0x0f
1562,0x98
1563,0xf4
1564,0xce
1565,0xfd
1566,0xf9
1567,0x20
1568,0xcc
1569,0x5c
1570,0xa7
1571,0x28
1572,0x22
1573,0xfb
1574,0xde
1575,0xb6
1576,0xdc
1577,0xf6
1578,0x51
1579,0x47
1580,0xfc
1581,0xef
1582,0x56
1583,0x3b
1584,0xea
1585,0x6c
1586,0x5a
1587,0xdb
1588,0xcd
1589,0x4d
1590,0x1d
1591,0x87
1592,0xc3
1593,0x52
1594,vers
1595,keep
1596,normal
1597,128
1598,o
1599,rdwr
1600,0666
1601,kill
1602,readbyte
1603,count
1604,protocol
1605,goodcr
1606,forgotten
1607,updat
1608,tunnel
1609,en
1610,cli
1611,june
1612,singlechain
1613,chain10revok
1614,num
1615,65536
1616,startup
1617,timeout
1618,noth
1619,broken
1620,31060
1621,passwd
1622,srpv
1623,41060
1624,overrid
1625,facil
1626,flockfil
1627,vsnprintf
1628,funlockfil
1629,window
1630,databas
1631,potenti
1632,mean
1633,zero
1634,boguspwd
1635,test0
1636,cnt
1637,test200
1638,test201
1639,test202
1640,test203
1641,mhew
1642,popad
1643,mcygbi
1644,yfk4eeacigcwcgsafl
1645,maa
1646,mathisi
1647,migsmfg
1648,frexl
1649,ncbk
1650,g9w0bcqcw
1651,mhow
1652,migfmcw
1653,mga4g3bbmzugfyc2ug
1654,mhuw
1655,migamcc
1656,mga4g3bbmuugfyc2ug
1657,igcwcgsafl
1658,iiaqelmciga4g3ateb
1659,bgcr
1660,mhqw
1661,iqydi
1662,bmro
1663,tgfbhcn
1664,ayhkw
1665,mih1mgqga4g3aj
1666,qgbys
1667,mih2mgqga4g3aj
1668,mih7mgqga4g3aj
1669,miibbj
1670,xqydi
1671,dbg
1672,qtuvbhcn
1673,qfmtiz
1674,dcca2mga4g3aj
1675,tcca2qga4g3aj
1676,gca1
1677,eeisx
1678,ndu2nzg5mbnrugfyc2ug
1679,miiebz
1680,cca2mga4g3aj
1681,204
1682,api2
1683,process
1684,pkcs
1685,dedic
1686,everyth
1687,sslv3
1688,tlsv1
1689,adh
1690,test24
1691,8080
1692,test25
1693,0xffffffff
1694,anon
1695,test93
1696,test94
1697,temporari
1698,various
1699,wow
1700,final
1701,love
1702,sever
1703,knob
1704,uniqu
1705,textual
1706,172
1707,usag
1708,grace
1709,is
1710,miiezj
1711,ccak4caqaw
1712,itepma0ga1ueaww
1713,gskp
1714,uzxn0mq4w
1715,daydvqqfew
1716,mdaw
1717,mtcc
1718,ipadccago
1719,ibalf
1720,hxqz
1721,obi
1722,kwdf
1723,x8sa
1724,z4l3
1725,n1jyr
1726,cp4xmi
1727,qit
1728,y2p
1729,iigl
1730,ht7t1wz0lo9uo0u
1731,b7b
1732,xki8fgq
1733,sm1j
1734,roe5lw
1735,dih
1736,tjd
1737,g4b705c6xm
1738,d3mh436de9d4gzpj
1739,a2qur
1740,si9
1741,gvnvg
1742,u0zowjfu9g
1743,y3i
1744,ndfsj
1745,o9u0e2mf
1746,zwwr8m72g
1747,bqzvb
1748,ddpn4bdw
1749,la9tk
1750,q2rsxf3h2d7b
1751,n2dnsh
1752,nsyx
1753,ix89d9u
1754,c6feg
1755,hqx
1756,hinuod
1757,zze
1758,an3yu
1759,qmbu
1760,fwoh
1761,el9ub8qu9gub2mjur
1762,ynrqnii7
1763,nduvq5
1764,ujkhj
1765,nwz
1766,ih7labda
1767,ce0ju
1768,kbay
1769,uzzkrqo
1770,vk6b
1771,wzz
1772,fs4d
1773,ytn95
1774,vvov95md5d1eok
1775,xw3iih7grjygt
1776,wn5e4
1777,yo68lonbf7ue24vg
1778,eie
1779,f6j0b
1780,falxw
1781,n15s7p
1782,ialk
1783,gf7cubit
1784,rhb
1785,b3k
1786,udr8yp
1787,kdqx
1788,hnm
1789,wbxy7zvk4t8k7168c
1790,nwsol
1791,net
1792,tk4bto
1793,ujbn
1794,wp8uq38yoi6389u24gm
1795,jeet
1796,dy1mj8ha4pz
1797,ftm
1798,uwq
1799,etox2kub
1800,gwc9v
1801,wfi5bx
1802,e2vvet
1803,gnsy2eqezpvwsc
1804,cy0
1805,o3fu06co
1806,etr7ekr
1807,ngap
1808,ddez
1809,vti
1810,p9npe5q18azu
1811,t9ngo
1812,ox3pqr
1813,cpg1bdn6z1ue2t
1814,sdd
1815,knfmnmwq
1816,yin
1817,zp9mxh
1818,tz8ra
1819,kvsclv9jag
1820,adanbgkqhki
1821,g9w0baqufaaocag
1822,eajmw
1823,z4iub
1824,ush5w
1825,qbfs
1826,yt4sxt
1827,ztvun6qx0
1828,nmtzz
1829,quoq
1830,o79kx
1831,dkpzs
1832,lnv
1833,hkm
1834,fqcx
1835,a7g
1836,ngb
1837,ap5
1838,md92dghc
1839,xoq
1840,gkcl
1841,zdm
1842,gj2o
1843,zwzv
1844,tdro4z
1845,p1yen5vg
1846,yz7sa
1847,nxze8w
1848,pg2whl
1849,qvk
1850,vcp
1851,hn3euif
1852,bgi2reo
1853,f7xq5cau4ut
1854,q1h4g
1855,hax67yww8
1856,jmypi
1857,gga0ad0z8ruicl
1858,qtlu
1859,el1f
1860,nsr4zll
1861,opwn
1862,rdxvff
1863,xo7g
1864,xvir4ihvhnwj6km
1865,dzyk0ovat2ms5a
1866,guc
1867,mdn6jm8kib
1868,nbvh5fgk
1869,bvqopsngkwn
1870,eoj0rsa
1871,ksx
1872,t5efm
1873,oxm9p
1874,ae3r
1875,vog
1876,o4t8w
1877,z6dquqy
1878,budmg
1879,kig8o
1880,r5hawber8yw
1881,qdi
1882,bgg
1883,pkzdpm
1884,yi2tef
1885,zvp
1886,g7qlj
1887,nsj5twe
1888,rknggh
1889,ucu3u
1890,1s0r
1891,gqg
1892,y1s9ggi
1893,dsif
1894,xj4nci
1895,rgq
1896,xpnrf
1897,syv3ki
1898,ixt
1899,ab6tjk
1900,ubt
1901,vfo2krfq
1902,nxu4lb
1903,es7w
1904,es7
1905,zzpzn
1906,gsq
1907,whn
1908,efevi5c5wprnpv
1909,vn6r
1910,kh0f
1911,auk
1912,9ek4knzwf
1913,yf8
1914,xn5q
1915,otgd4o
1916,luusg
1917,fdjsq
1918,nh6a1mlmx6cn
1919,v2vsb
1920,ssd2zsbnb3qgd
1921,g8gcn
1922,igtl
1923,sboa
1924,zcbjj20g
1925,ym91bm
1926,g8ga2vlc
1927,cbvbi
1928,zcbjj3zl
1929,igdvd
1930,cbvbm
1931,w9i
1932,zsbza
1933,wx2zxig
1934,zg9sb
1935,gfi
1936,xqg
1937,ig5vd
1938,cbnb25u
1939,ysbs
1940,j2vt
1941,ignhd
1942,gno
1943,lcbubw0ktm90igdvbm5h
1944,igxld
1945,zw0g
1946,y2f0y2ggd
1947,ig1p
1948,zg5p
1949,z2h0ihjp
1950,zgvi
1951,ssbj
1952,yw4nd
1953,cbh
1954,zsb0bi
1955,bka
1956,xnh
1957,zsanck
1958,igxpa2ug
1959,igzp
1960,bsa
1961,wzl
1962,ia0kvghl
1963,zsbvbmx5ihdvcm
1964,igj1d
1965,gv5ign1d
1966,cbsa
1967,wtl
1968,igeg
1969,zgug
1970,td2lu
1971,z2lu
1972,b3a
1973,ihdpd
1974,ggg
1975,ig15ig1p
1976,z2h0ia0kdqp
1977,lcbjigd1zxnz
1978,igl0j3mg
1979,yxqg
1980,y29m
1981,lcb0a
1982,gf0j3mg
1983,z290ig15ig1pbm
1984,qga
1985,w4g
1986,ysb3a
1987,glyb
1988,canckknb
1989,glsb
1990,cbjd
1991,xnza
1992,igfu
1993,zcbia
1994,xrja
1995,bhbm
1996,ghlcm
1997,ywlu
1998,j3qgbm9ib2r5ighlcm
1999,ihll
2000,ywgs
2001,sbkb24nd
2002,yxzl
2003,ighvb
2004,gxlci
2005,bjighl
2006,yxige
2007,w91ia0kssdt
2008,ihn0yw5ka
2009,ihjp
2010,z2h0ighlcm
2011,vza
2012,sanck9o
2013,lca5osbza
2014,ieknb
2015,sa5osbza
2016,dcm
2017,sancg0kug91ci
2018,bhbm90a
2019,lcbt
2020,ywtl
2021,igl0igeg
2022,zg91ymxl
2023,zsanck1h
2024,wjl
2025,iekg
2026,y2fu
2027,xmg
2028,yxdhe
2029,sanckl0j3mgbm
2030,v2zxig
2031,ihdo
2032,zw4gd
2033,ghle
2034,sbwd
2035,wxs
2036,ig91d
2037,z3vu
2038,ia0kqm
2039,vhd
2040,cb5b3ug
2041,y2sg
2042,yw5k
2043,igjsd
2044,wus
2045,igjv
2046,sancllvd
2047,yxks
2048,yxkg
2049,lcb3a
2050,zsb0a
2051,guga
2052,gvsb
2053,sbjpi
2054,bjighvc
2055,yxqgb
2056,gvhc3qg
2057,ywqg
2058,ihn0d
2059,w1ib
2060,hjvd
2061,wdo
2062,ie5ldi
2063,bpcmxl
2064,yw5z
2065,ig9o
2066,lcb0bi
2067,gugcmlza
2068,ihn1bi
2069,ancg0kt2gg
2070,wvha
2071,cwge
2072,w91igrvbid0ighhdm
2073,b5b3ug
2074,jj20gc3rhbm
2075,rpbmcgcmlna
2076,hqga
2077,zsbi
2078,zxnp
2079,zguge
2080,w91ia0kt2g
2081,sanck
2082,yxp5ia0kdqp
2083,mb3jk
2084,ighhdm
2085,wvi
2086,y3kgb24gb
2087,wug
2088,ob3zlbn
2089,ig51zxzh
2090,ihrvbm9z
2091,igrl
2092,igxv
2093,y28g
2094,nckkgbm
2095,zcbzb21l
2096,ihbl
2097,ywnl
2098,lcbqd
2099,xn0ihnvb
2100,wugcm
2101,vsa
2102,wvm
2103,ia0krn
2104,sb0a
2105,ihzva
2106,wnl
2107,lcbra
2108,wxsa
2109,ia0kww91ihn0yxjl
2110,lcbhbm
2111,qge
2112,w91igd
2113,yxjl
2114,ia0kqwx
2115,xmgc
2116,gfpbi
2117,bpd
2118,cdz
2119,igfsb
2120,gugc2ft
2121,zswga
2122,xqnci
2123,bhb
2124,gwga
2125,w5z
2126,yw5l
2127,ia0kkhlvd
2128,sbz
2129,zwup
2130,jci
2131,ihjl
2132,ywxse
2133,sbo
2134,yxbw
2135,zw5pbmcgb3ig
2136,zglk
2137,iekgb
2138,wfr
2139,zsbpd
2140,gwgd
2141,igjvd
2142,w5k
2143,bda
2144,gf0d
2145,gfob29ja
2146,gvl
2147,ig9u
2148,igegd
2149,hvybmlw
2150,ihryd
2151,wnr
2152,lcb5b3ug
2153,zg9u
2154,j3qga
2155,gf2zsb0bi
2156,bob2x
2157,zxig
2158,zwfi
2159,sanckknb
2160,gfu
2161,zglu
2162,wdod
2163,zxjl
2164,igjlc2lk
2165,zsb5b3ug
2166,yxp5lcbjj20g
2167,yxp5ia0kq3jhenk
2168,zsbjcm
2169,sb5b3uncm
2170,ib2xk
2171,ig15igzl
2172,zxqs
2173,igzl
2174,zxqgd
2175,g8gd
2176,igzpcm
2177,zb3uga
2178,g9s
2179,zcbte
2180,sbm
2181,zwv0ihrv
2182,zsbma
2183,xjl
2184,ia0kssbu
2185,zxzlci
2186,ywlk
2187,iekgd2fz
2188,igrvd24gd2l0a
2189,cb5b3u
2190,want
2191,ownership
2192,transfer
2193,upon
2194,far
2195,point
2196,verfi
2197,current
2198,done
2199,convers
2200,come
2201,moment
2202,understand
2203,1884
2204,preload
2205,alway
2206,fulli
2207,told
2208,15748
2209,algorithm
2210,memcpi
2211,siz
2212,happen
2213,stdin
2214,curve
2215,ecpriv
2216,tcus3612
2217,sn2nid
2218,typ
2219,fips
2220,still
2221,seri
2222,840
2223,10045
2224,except
2225,test50
2226,test51
2227,anywher
2228,aes256
2229,gcm
2230,though
2231,someinvalid
2232,multi
2233,colon
2234,septemb
2235,miibh
2236,dcb7g
2237,ibadbfmqsw
2238,jbvtetmbega1uecaw
2239,ku29t
2240,zs1td
2241,gf0zteh
2242,mb8ga1uecgw
2243,ysw50zxju
2244,v2lk
2245,z2l0ci
2246,bqd
2247,hkg
2248,thrk
2249,migf
2250,ma0gcsq
2251,gsib3dqeb
2252,aquaa4gnadcbi
2253,qkbg
2254,qc13w
2255,eg36v
2256,by8mq
2257,uu80skvkx0zct0lc18ka
2258,msdlw
2259,ml2ir
2260,clezbj
2261,jye
2262,sxw
2263,z9q
2264,xy4rt1v
2265,fdrrtl57
2266,qtg
2267,t5kz
2268,ki2d2yuz
2269,dg6w
2270,qqx
2271,4t99s
2272,lxc
2273,utf
2274,ipiaq
2275,atuqx
2276,h7fo0ti9w
2277,lsw6aqft9hib
2278,yprjz6z
2279,ha24l
2280,xwd7w
2281,aqabo
2282,naqefbqadg
2283,yeajw
2284,fazo
2285,pga4gkn7aeitep
2286,3qj
2287,n45lszr
2288,vjmw4jl8ovm
2289,patn
2290,frqym82r
2291,vkb7sq4ddo9n
2292,dj9tg
2293,z450oq
2294,iwbuj
2295,geu
2296,uux
2297,jsj3v
2298,gxi
2299,8ne
2300,ty4gmm
2301,nwiwh
2302,skmkqh7yvl
2303,bvgkw
2304,nfu
2305,q8m
2306,d90pr
2307,fmld
2308,hbzxcaekr
2309,array
2310,xdd
2311,0xa8
2312,0x68
2313,0x63
2314,0x07
2315,0x37
2316,0x16
2317,0x89
2318,0xa4
2319,0xdf
2320,0x1e
2321,0xff
2322,0xfe
2323,0x74
2324,0x2f
2325,0xbd
2326,0xaf
2327,0xc4
2328,0xcb
2329,0xc6
2330,0x5e
2331,0xcf
2332,0x8e
2333,0xd1
2334,0x77
2335,0x88
2336,0x9c
2337,0x7d
2338,0x75
2339,0x3f
2340,0xd5
2341,0x62
2342,0x95
2343,0xc8
2344,0x4a
2345,0xb0
2346,0xa9
2347,0x14
2348,0xbb
2349,0x91
2350,0xba
2351,0x25
2352,0x12
2353,0xa0
2354,0xa5
2355,0xb4
2356,0x97
2357,0xca
2358,0x7a
2359,0x7f
2360,0xee
2361,0x7e
2362,0xa1
2363,0xe0
2364,0x5b
2365,0x0e
2366,0x10
2367,0x33
2368,0xf8
2369,0x1a
2370,0x58
2371,0x49
2372,0xd2
2373,0x26
2374,0xf3
2375,0x35
2376,0x5d
2377,0x8b
2378,0x4c
2379,0xb1
2380,0xec
2381,0xd6
2382,0xe5
2383,0x34
2384,0x8a
2385,0xc1
2386,0x84
2387,0x24
2388,0x90
2389,0x57
2390,428
2391,helper
2392,propleri
2393,999999
2394,newli
2395,tc5
2396,redund
2397,nsname
2398,googl
2399,durat
2400,fcntl
2401,cmds
2402,40200
2403,40208
2404,badcr
2405,certifc
2406,built
2407,29897
2408,anchor
2409,mandatori
2410,greater
2411,longer
2412,state
2413,input
2414,intermedi
2415,block
2416,crls
2417,ignor
2418,min
2419,beyond
2420,proceed
2421,date
2422,pthread
2423,xxx111222
2424,cover
2425,communic
2426,worker
2427,argument
2428,tabl
2429,opt
2430,happi
2431,master
2432,illeg
2433,small
2434,96
2435,29896
2436,oiex
2437,qfm12345tiz
2438,negative
2439,primarili
2440,certain
2441,upstream
2442,almost
2443,repli
2444,downstream
2445,12894
2446,13894
2447,14894
2448,15894
2449,passthrough
2450,param
2451,mbqgbys
2452,gaqebarygcwcgsafl
2453,two
2454,cae
2455,repeat
2456,separ
2457,thread
2458,variet
2459,hoagi
2460,chili
2461,jdoe
2462,panther
2463,node
2464,batch
2465,infil
2466,identi
2467,april
2468,cacertssomestr
2469,nocacert
2470,direct
2471,outcom
2472,proper
2473,tc3512
2474,csrattribut
2475,maximum
2476,within
2477,mani
2478,forgot
2479,reset
2480,implement
2481,absolut
2482,necessari
2483,purpos
2484,aithent
2485,goe
2486,store
2487,previous
2488,suppli
2489,eventu
2490,demand
2491,hardcod
2492,appliact
2493,16748
2494,encrypt
2495,juli
2496,thiscantpossiblywork
2497,wrap
2498,aes
2499,cbc
2500,wflag
2501,strnlen
2502,prortect
2503,tc3612
2504,remain
2505,unaffect
2506,associ
2507,keygen
2508,ccaw
2509,caqaw
2510,mcmga
2511,ueax
2512,igj
2513,ignsa
2514,ihn
2515,eymbyga
2516,uebrmpuel
2517,baqef
2518,aaocaq
2519,amiibcg
2520,juwp
2521,wpdwo
2522,leih
2523,ngc
2524,efc
2525,flavor
2526,8088
2527,creaea
2528,theng
2529,whenev
2530,author
2531,assum
2532,know
2533,www
2534,fip
2535,goal
2536,captur
2537,actual
2538,parm
2539,15897
2540,mauga1ueaw
2541,mhegbi
2542,gaqebaryw
2543,gew
2544,urg
2545,qqaig
2546,ydvqqdbggqhkj
2547,opqqdag
2548,x9
2549,62
2550,would
2551,serial
2552,12349999b
2553,dummymac
2554,132
2555,123456789a
2556,521
2557,secp521r1
2558,quantiti
2559,addit
2560,attriut
2561,jam
2562,constraint
2563,byte
2564,899
2565,whatev
2566,problem
2567,hash
2568,52174
2569,62174
2570,62175
2571,093
2572,zgdfffmdmd8j5zi
2573,29093
2574,simplereenrol
2575,actg
2576,propag
2577,peer
2578,special
2579,field
2580,noprogress
2581,userpwd
2582,postfield
2583,userag
2584,httphead
2585,maxredir
2586,50l
2587,verifyp
2588,httpauth
2589,cainfo
2590,verbos
2591,keepal
2592,forbid
2593,reus
2594,repons
2595,getinfo
2596,misconfigur
