1,client
2,est
3,certif
4,server
5,use
6,authent
7,rfc
8,request
9,section
10,key
11,tls
12,http
13,must
14,respons
15,type
16,requir
17,attribut
18,messag
19,content
20,specifi
21,includ
22,applic
23,databas
24,inform
25,author
26,provid
27,oper
28,base
29,enrol
30,may
31,csr
32,generat
33,cmc
34,exampl
35,encod
36,secur
37,option
38,encrypt
39,cipher
40,suit
41,pki
42,privat
43,indic
44,describ
45,issu
46,defin
47,data
48,valu
49,ident
50,uri
51,transport
52,less
53,implicit
54,addit
55,protocol
56,https
57,perform
58,pkcs
59,identifi
60,layer
61,support
62,valid
63,follow
64,explicit
65,proof
66,path
67,see
68,specif
69,transfer
70,mime
71,known
72,full
73,password
74,exist
75,function
76,trust
77,extens
78,pop
79,method
80,public
81,possess
82,recommend
83,well
84,distribut
85,configur
86,link
87,current
88,cacert
89,verifi
90,simpl
91,media
92,anchor
93,post
94,code
95,sign
96,parti
97,polici
98,signatur
99,exchang
100,www
101,servic
102,protect
103,manag
104,header
105,check
106,accept
107,name
108,detail
109,csrattr
110,figur
111,new
112,cms
113,list
114,algorithm
115,asymmetr
116,subject
117,error
118,avail
119,session
120,initi
121,handshak
122,also
123,uniqu
124,control
125,simpleenrol
126,success
127,one
128,version
129,user
130,basic
131,document
132,third
133,2008
134,part
135,info
136,field
137,set
138,digest
139,mutual
140,connect
141,end
142,standard
143,fullcmc
144,paramet
145,oid
146,com
147,side
148,get
149,renew
150,rekey
151,return
152,recipi
153,decrypt
154,reject
155,cannot
156,usernam
157,access
158,credenti
159,length
160,consider
161,result
162,share
163,asn
164,rule
165,bootstrap
166,desir
167,present
168,envelop
169,suitabl
170,either
171,smime
172,mechan
173,respond
174,obtain
175,entiti
176,particular
177,contain
178,cert
179,communic
180,redirect
181,novemb
182,correspond
183,simplereenrol
184,would
185,distinct
186,implement
187,secret
188,associ
189,might
190,retri
191,handl
192,allow
193,chang
194,process
195,disabl
196,within
197,syntax
198,challeng
199,need
200,channel
201,bind
202,infrastructur
203,web
204,tas
205,zihvc
206,internet
207,june
208,serverkeygen
209,wrap
210,determin
211,human
212,assum
213,appropri
214,capabl
215,discuss
216,pair
217,usag
218,instal
219,ignor
220,status
221,note
222,occur
223,necessari
224,negoti
225,sequenc
226,text
227,entri
228,mrkw
229,gxl
230,pkcs7
231,regist
232,arbitrari
233,consist
234,place
235,symmetr
236,number
237,origin
238,confidenti
239,inclus
240,certain
241,ietf
242,org
243,previous
244,abl
245,submit
246,fail
247,enabl
248,without
249,subsequ
250,bodi
251,hash
252,sha
253,base64
254,cmp
255,band
256,altern
257,differ
258,refer
259,ydvqqdex
260,anbgkqhki
261,q0eg
262,tnd
263,order
264,profil
265,schaad
266,housley
267,iana
268,none
269,boundari
270,januari
271,2010
272,form
273,segment
274,label
275,whether
276,rfc5272
277,two
278,format
279,employ
280,der
281,random
282,cryptograph
283,copi
284,readabl
285,situat
286,time
287,unless
288,per
289,appli
290,proper
291,even
292,reflect
293,html
294,digit
295,host
296,gsib
297,manual
298,futur
299,maintain
300,possibl
301,repeat
302,des
303,serv
304,structur
305,make
306,take
307,general
308,object
309,build
310,updat
311,old
312,recent
313,expir
314,continu
315,scope
316,incorpor
317,common
318,pars
319,conform
320,ibag
321,gftc
322,dqyjko
323,blc3rfe
324,omb4xdtez
325,mduw
326,otaz
327,ntmz
328,manufactur
329,dan
330,otiz
331,ieee
332,devic
333,march
334,rescorla
335,turner
336,august
337,rfc5751
338,2005
339,2011
340,itu
341,rec
342,intend
343,scheme
344,regardless
345,three
346,multipart
347,mix
348,depend
349,techniqu
350,smimecap
351,accompani
352,equival
353,issuer
354,case
355,match
356,plaintext
357,complet
358,wish
359,expect
360,string
361,given
362,offer
363,local
364,registr
365,could
366,knowledg
367,advis
368,accord
369,tool
370,alt
371,convey
372,persist
373,ensur
374,administr
375,interact
376,proceed
377,prevent
378,limit
379,activ
380,attack
381,level
382,crypto
383,want
384,malici
385,stack
386,interpret
387,attr
388,ioset
389,recogn
390,system
391,ellipt
392,curv
393,repres
394,address
395,root
396,chain
397,date
398,normal
399,authenticat
400,prove
401,establish
402,verif
403,interoper
404,renegoti
405,alreadi
406,leverag
407,binari
408,purpos
409,fingerprint
410,shs
411,along
412,naqc
413,adalbgkqhki
414,gcsq
415,gtaxbg
416,g9w0baqufadab
417,xdte0mduw
418,neither
419,njgx
420,awgg
421,ekao
422,procedur
423,word
424,term
425,model
426,idev
427,septemb
428,srp
429,bcp
430,509
431,myer
432,680
433,690
434,prefix
435,thus
436,suffix
437,retriev
438,line
439,multipl
440,cas
441,insid
442,show
443,strength
444,tran
445,rid
446,serial
447,choic
448,agreement
449,agre
450,materi
451,first
452,later
453,null
454,termin
455,empti
456,send
457,logic
458,decis
459,help
460,extend
461,act
462,certifi
463,repli
464,advanc
465,agent
466,curl
467,linux
468,gnu
469,libcurl
470,open
471,zlib
472,libidn
473,librtmp
474,ifnfvcbhci
475,ljk
476,igrhd
477,oinw
478,due
479,reduc
480,network
481,expos
482,exposur
483,forward
484,real
485,receiv
486,properti
487,adversari
488,attempt
489,render
490,void
491,potenti
492,unauthent
493,unauthor
494,afford
495,suffici
496,enforc
497,impli
498,strengthen
499,inher
500,beyond
501,regard
502,ber
503,construct
504,invalid
505,caus
506,buffer
507,overrun
508,overflow
509,reason
510,incomplet
511,size
512,max
513,zero
514,distinguish
515,mac
516,840
517,10045
518,produc
519,subordin
520,self
521,store
522,extract
523,otherwis
524,softwar
525,peer
526,embed
527,back
528,input
529,non
530,recreat
531,regener
532,interfac
533,burden
534,revoc
535,crls
536,similar
537,upon
538,via
539,popul
540,engag
541,publish
542,approach
543,abil
544,design
545,portion
546,instead
547,ccae
548,hhc
549,nmtmw
550,nta
551,mdm
552,whc
553,nmtqw
554,pmiibij
555,qwbbqittkx
556,naqefbqadgg
557,ydc
558,nta5mdm1mz
559,udaobg
560,nvhq8baf8ebamcblaw
561,zbow
562,sn2jejizu
563,wqi
564,qymba
565,mlo
566,mlow
567,ezmbc
568,ga1ueax
569,mqzxn0rxhhb
570,xbs
571,ccasiw
572,epadccaqo
573,cgg
574,ydvr0paqh
575,baqdag
576,nvhq4efg
577,rp5luj
578,bkf
579,yl6olo7
580,qjww
581,qax
582,resumpt
583,normat
584,overview
585,qop
586,auth
587,realm
588,estrealm
589,nonc
590,caqaw
591,mbs
592,ueax
593,idez
594,ndez
595,ntiwgg
596,dqebaquaa
597,ibdw
598,ibaqcl
599,kdz
600,fyjp
601,mcatn
602,zrcax
603,gjwbqo
604,xsqff
605,qoibnt
606,slm
607,ycsvw
608,tnv
609,teiit
610,wwi
611,devag
612,bieym
613,srj
614,oquzk
615,d31be961kzcx
616,ygrhxa
617,r4pag
618,itaf
619,bgkqhki
620,200
621,g9w0bbw
622,gggg
623,gft
624,a1ueax
625,mandatori
626,rsa
627,ede
628,cbc
629,outlin
630,terminolog
631,shall
632,concept
633,way
634,individu
635,select
636,integr
637,suppli
638,rfc5929
639,rfc5273
640,conjunct
641,yet
642,decemb
643,nystrom
644,kaliski
645,remot
646,nation
647,institut
648,technolog
649,csrc
650,nist
651,gov
652,fip
653,pdf
654,800
655,juli
656,pkix
657,work
658,registri
659,fill
660,templat
661,subtyp
662,contact
663,harkin
664,dharkin
665,arubanetwork
666,iesg
667,anoth
668,hjp
669,explanatori
670,pkcs8
671,mcg
672,ftp
673,pkcs10
674,rfc5967
675,rfc5958
676,hypertext
677,tcp
678,datagram
679,dtls
680,udp
681,wait
682,state
683,freed
684,multipurpos
685,mail
686,masint
687,leach
688,berner
689,lee
690,ramsdel
691,uniform
692,resourc
693,std
694,eastlak
695,packag
696,farrel
697,dierk
698,april
699,2006
700,iso
701,iec
702,notat
703,int
704,200811
705,begin
706,append
707,absolut
708,likewis
709,simplifi
710,avoid
711,conflict
712,label1
713,label2
714,top
715,kekri
716,kekid
717,ktri
718,deriv
719,kari
720,ukm
721,exact
722,know
723,fallback
724,aris
725,anon
726,respect
727,cooki
728,ramif
729,whatev
730,choos
731,disclos
732,unprotect
733,archiv
734,commensur
735,deliv
736,alway
737,constraint
738,priori
739,fact
740,therefor
741,dictat
742,refus
743,prohibit
744,still
745,concern
746,submiss
747,suggest
748,mhw
749,gbys
750,gaqebaryw
751,ydi
752,bmrs
753,tgvbhcn
754,geg
755,csq
756,dqejbz
757,jqydi
758,dbg
759,qtgvbhcn
760,gegcssk
761,mccaebcw
762,yjyiziawudba
763,lack
764,load
765,preclud
766,cleartext
767,legaci
768,pin
769,mitig
770,tri
771,man
772,middl
773,care
774,chanc
775,poor
776,practic
777,vulner
778,leak
779,singl
780,guess
781,correct
782,advantag
783,gain
784,comput
785,countermeasur
786,exponenti
787,backoff
788,frustrat
789,someon
790,imperson
791,corrupt
792,export
793,bit
794,deprec
795,hardwar
796,storag
797,implic
798,proven
799,riski
800,mode
801,prefer
802,default
803,compel
804,benefit
805,interpos
806,convers
807,exclud
808,meaningless
809,easi
810,condit
811,nest
812,awar
813,measur
814,guard
815,mean
816,greatest
817,extent
818,descript
819,made
820,secp
821,secp384r1
822,132
823,ecdsa
824,sha384
825,meegcsq
826,gsib3dqejbz
827,asbgcqhkj
828,opqibmqc
829,gbsu
830,bbaai
831,mbygcsq
832,gsib3dqejdj
833,bgcr
834,ebaqewbggqhkj
835,opqqdaw
836,abort
837,paragraph
838,sent
839,latest
840,reiniti
841,involv
842,examin
843,subsystem
844,phase
845,synchron
846,byte
847,absent
848,presenc
849,wit
850,element
851,cmcfail
852,failur
853,long
854,head
855,throughout
856,older
857,reli
858,trivial
859,direct
860,cover
861,point
862,minim
863,provision
864,whole
865,incumb
866,bag
867,understand
868,prerequisit
869,usabl
870,perhap
871,flexibl
872,caveat
873,tupl
874,compos
875,asymm
876,octet
877,outsid
878,bound
879,unrestrict
880,miimoqyjko
881,iimkj
882,ccdcycaqex
883,bbw
884,ggggw
885,mmiic
886,ijajp
887,uzo
888,dqebbquambsx
889,nvbamt
890,egvzd
891,gvdqsbpd
892,blc
893,rfe
894,baqef
895,aaocaq
896,amiibcg
897,kcaqeaw
898,dqpi
899,hopa
900,icubp
901,rqbp
902,tiq
903,welfia
904,ddhe
905,hikuy
906,zap
907,ksse
908,buxdmox
909,knyvtyjeh
910,iof
911,zwhgi
912,lcegwr
913,pba
914,xza
915,lvqc
916,ceqj
917,fms
918,rluhfti
919,rkw
920,ukk
921,pcf
922,vfl
923,yfqm
924,uoqsa
925,rti
926,zbj
927,qre
928,zcz
929,uhw
930,mlowqk
931,qtgo
932,cpf
933,ymju
934,amk
935,vcxlc
936,wnkhf
937,wbr
938,orzril
939,isl
940,oumc
941,dfasmdfbp
942,osnfqidaqabo
943,qdapbg
944,nvhrmb
945,ebtadaqh
946,atxrfc
947,ffp
948,cibt
949,gsz
950,aobg
951,nvhq
952,ebamcaqyw
953,ebacpn
954,qpu
955,wre
956,ugu
957,boga
958,pam
959,ssi
960,dwh
961,kmo
962,xfqhdp
963,ioy
964,kadcx
965,xkh
966,mui
967,bklwygdi
968,hbe
969,tmo
970,nnw
971,eli
972,onsk
973,hivo
974,pmm
975,imi
976,fse
977,xxld
978,glk
979,oqsh
980,swz
981,xlvcb
982,umg
983,andgj
984,apip
985,veeoc
986,ulm
987,vlqwa
988,v84o
989,ioji
990,gm0c4xwc
991,kkegc
992,mos
993,n3s4lvm8ptpq0glo
994,ijy8ntd20wgg
995,miib66adag
996,ecag
997,ebma0gcsq
998,gsib3dqebbquambsx
999,nvbamtegvzd
1000,ev4yw1w
1001,gvdqsbpd08w
1002,vqqdex
1003,kcaqeann3r
1004,z3r
1005,mjhwf7md9k4mubx
1006,havtdnr
1007,qf5ofgt
1008,ril4a
1009,pnh
1010,adg
1011,pyj8c
1012,lox
1013,d3utv
1014,q1vi
1015,pn7aciko
1016,onk
1017,rpjp
1018,opki
1019,kkv
1020,hmqxgn
1021,qtbs
1022,mav1q
1023,q6pvj
1024,n51iew
1025,ykks
1026,g7cglw
1027,5jbwh
1028,yr2d
1029,gltri
1030,rvix
1031,pwrvt
1032,itp5rcjh
1033,8rs3le8t
1034,qy3k
1035,tnh
1036,jf3i
1037,r2s
1038,png
1039,ito
1040,catysba
1041,inepr4memq
1042,ml4t
1043,g9i
1044,8qe7s1li
1045,mfv
1046,dletp2mm
1047,byk
1048,oat
1049,b0s
1050,n524d1xagz8zkv
1051,wrkh
1052,or3hw
1053,idaqabo1iw
1054,hqydvr0obbyeflhea
1055,i8mb8ga1ud
1056,afah
1057,nmr
1058,bnet9zh9
1059,ihu3oaz
1060,psma0gcsq
1061,l7a
1062,lnv6h
1063,sok
1064,v9ylo56
1065,tj00v
1066,v5skg
1067,dhk5d0b
1068,ogort
1069,kvu
1070,ga57
1071,v0av
1072,trl
1073,jns3b
1074,nw8ntv
1075,dehmd00ak02a
1076,psi4w
1077,rhlfgtt
1078,uf9hd
1079,ehau
1080,aesptu43diptjkf
1081,hht
1082,bmfs
1083,ckd
1084,domhyf
1085,uekh
1086,rvv
1087,1zi
1088,gex6ov1ap2iu2p3
1089,asih
1090,amx
1091,teqasbwj
1092,uti
1093,r52zo
1094,l6n
1095,mpzpb
1096,zi2m0
1097,ebvf8
1098,a9hjo6wo
1099,ljg
1100,yc5v
1101,c2hax
1102,uohx0c
1103,wti
1104,rbg
1105,qlki
1106,y5tkbh951oj
1107,q4vh
1108,f2hmco
1109,o7dkc
1110,nlyjoge16ssx4og
1111,bhul20vg
1112,xjjj
1113,miidaz
1114,ccaeug
1115,ibaj
1116,c3rfe
1117,zunbie93tj
1118,naqebbqad
1119,ebama6q
1120,yh6kwi
1121,arm6uam6rdey6ki
1122,klh
1123,sapagw4xhi
1124,crsjh1v
1125,2qd
1126,0ze
1127,wvoo
1128,gi1v5llhg
1129,vmxzq
1130,mdyjcr7co3o
1131,skh07tv
1132,ymuvywh
1133,blkdzyvn
1134,4dw
1135,qnjd
1136,cxi
1137,tlpm4m
1138,b9l6f0zbo
1139,x7cme
1140,zm0mh9rbr
1141,ezmnf6l
1142,e2f
1143,dwhf
1144,frzwh6pl
1145,kkr
1146,u8m
1147,w4i
1148,cocfm
1149,ov4x
1150,bvqe0k3lvc3m
1151,ld3v
1152,n3p
1153,7oc
1154,dczlk
1155,jgb
1156,elykoqq
1157,x2di7g
1158,oeno6ektr3mzxplj
1159,sh3
1160,g6w29d
1161,wa4pf
1162,spe
1163,klpn
1164,ec97g
1165,wio8
1166,n4xq32r
1167,x26f
1168,idkj
1169,rucaw
1170,eaaa
1171,nsmfaw
1172,mb0ga1ud
1173,atxrfc4ffp
1174,cibt6gsz0j
1175,nvhsmegdaw
1176,bsxx
1177,gnm
1178,w6mep9i
1179,xo4s7v7lqsj
1180,jcpdanbgkqhki
1181,g9w0baqufaaocaqealh
1182,e6mp
1183,binb
1184,jozdb
1185,xlijr
1186,l1csv8f4gwp
1187,ufk3cg
1188,zjibt
1189,w9uoa
1190,nr4e58i
1191,ropu
1192,ehjw
1193,fzk
1194,2w8yt
1195,rqx8izo
1196,fhco
1197,lkp
1198,bdfg
1199,llwhoztzb
1200,ovkqmidj
1201,blk
1202,bevnr5mwdrs7f
1203,wuy
1204,8an
1205,r8gwq
1206,eib
1207,cd0a7x
1208,ighm
1209,wemh
1210,bvi9c7glqd6px
1211,taju
1212,epfd
1213,ykm
1214,l3xdb
1215,swr30j2eqya
1216,3w0tn2ufuxdw
1217,dq4zjs9g
1218,mw50s7ag6cp
1219,isi
1220,oifm
1221,jxgli
1222,lwf
1223,j9c
1224,aum9nyl
1225,gcj68bu
1226,cs9567kgf
1227,xexi0md
1228,ffcl7ta
1229,vr43kjsg3
1230,c43k
1231,z7369me
1232,ezz
1233,ccavswgg
1234,hjo
1235,amcaqiccqdprp3dmj
1236,etanbgkqhki
1237,g9w0baquf
1238,adab
1239,dte0mduw
1240,zunbie53tj
1241,naqebbqadgg
1242,ebaj5962d6z
1243,cr8h
1244,jrm8rw
1245,l7x
1246,z67eh
1247,tn4ltiusc
1248,gnjz
1249,yqhyd8o
1250,apa
1251,mto
1252,a91e1fn
1253,unvyjs1c
1254,tze2n
1255,kdp5chua
1256,y6tq
1257,zmj
1258,kpip
1259,lxz
1260,efxp0e27dal9alrf
1261,utdgz
1262,nbjg
1263,nxu
1264,bnt7ne
1265,wdzk0f6uj74z
1266,sbmgcp
1267,lbuwo
1268,afu
1269,sw8iwk9g
1270,9lm7rpba4k
1271,vys
1272,t1q77fs
1273,e6ea3i4f
1274,eutyx
1275,plumt5ez
1276,ysrd2p3r
1277,edr
1278,dojz
1279,ycla
1280,e8r
1281,g2i
1282,drd6
1283,dhpqj
1284,lq6uf2hvcvv
1285,ehu7
1286,ns8j
1287,bbw5xradppgcp
1288,aav
1289,5zmrf6c
1290,fjqd
1291,ldedu
1292,a9vw
1293,gsr1q5ifm
1294,wjq94c
1295,caw
1296,ncmeaw
1297,ydvr0taqh
1298,bauw
1299,qusc
1300,egma0gcsq
1301,cwd
1302,yvn
1303,eiom5a1vxa
1304,w8n
1305,cwg
1306,aiia
1307,hqu
1308,tuae9lona2mb
1309,fhw8u5e8
1310,cp0r
1311,a9uyxxh
1312,fqzd5zwpms4w
1313,uyt1j3gqqd36kor
1314,jiau
1315,pig
1316,vng13i
1317,kytx
1318,m7c
1319,vmx
1320,qnh0aux3a
1321,rgah
1322,gal
1323,hp0ra
1324,kdg
1325,prz
1326,gtip
1327,jtnbk
1328,sv5s4k
1329,d4i
1330,dcphmnb
1331,ocluerw
1332,epbz6gv
1333,e7cp
1334,xl2jr
1335,tbzsq
1336,felq0iz4kk9
1337,9cnw
1338,zwr
1339,vgdzklh
1340,j1z4j
1341,lruwb
1342,o4nv
1343,bzs
1344,nfn3k2o3sk8aua
1345,dwkq18
1346,5rjcfpr
1347,ro8x4ytw
1348,xpq
1349,m0magndew
1350,turn
1351,carri
1352,insert
1353,assur
1354,intial
1355,acquir
1356,reissuanc
1357,reissu
1358,behavior
1359,skip
1360,estus
1361,cnonc
1362,tyw
1363,mzg
1364,miich
1365,tccaw
1366,muzgvtb
1367,zxa
1368,kaum
1369,qkz
1370,zixqixc
1371,odbyw
1372,wdk
1373,cqri
1374,krmjmo
1375,nkf
1376,mlr
1377,krmah
1378,javh
1379,ayq
1380,ryhk
1381,cxo
1382,skf
1383,tyci
1384,vxfx
1385,skeprel
1386,rxtlujirwnq
1387,aagg
1388,g9w0bcqcx
1389,mqk3ji
1390,q2li
1391,lzcr
1392,rvl1ntbundanbgkqhki
1393,g9w0b
1394,aqufaaocaqearbv0aj
1395,hpl1mfidz
1396,wqoi1d
1397,ocf6u
1398,ywc
1399,bzp
1400,ladv
1401,pk1qx5pq
1402,xm830a1o
1403,7rvr
1404,nyd6vf2rl
1405,a9lywibj
1406,lxo
1407,bo8d
1408,kxr
1409,yl16c
1410,vus
1411,yydi1m
1412,daft
1413,ysrgol
1414,mlt
1415,weiqbc2sdbr2k
1416,hxw1tr130h
1417,icpwmr29k
1418,c2kzur
1419,5thsuj276fgl1v
1420,pu0d
1421,gqfx4wwa9u
1422,ahbgz6t
1423,w37cep
1424,zsr
1425,uke
1426,0pf
1427,vhr2o
1428,hgbqdqhvtfvj
1429,hccd
1430,axicrtb
1431,u5o1l
1432,pv7f4l
1433,eapv3sbqm
1434,jcaq5o832bz
1435,hw7n
1436,mfc
1437,m15e9gt
1438,uvee5c62b
1439,vwuk
1440,tbn
1441,gsbw
1442,1122
1443,miidoayjko
1444,iidktccay
1445,ucaqex
1446,mlmiid
1447,ibftanbgkqhki
1448,mtu1m1o
1449,mtu1m1ow
1450,muzgvtb3n0zxa0idez
1451,ma0gcsq
1452,gsib3dqebaquaa4ib
1453,nj8xp
1454,ep9kaum
1455,dz3e
1456,qkz9dd
1457,d5e5oz
1458,cm103
1459,zixqixc0
1460,rr3dn
1461,b3e
1462,kt29
1463,odbyw0wdk
1464,qry8ydc
1465,8lj
1466,n7m2krmjmo
1467,u2v4a
1468,6mx6pr2p
1469,tj82javh
1470,ayq1ryhk
1471,m1cxo
1472,n7tz
1473,c94skf
1474,s3vv
1475,f53
1476,j9sk
1477,tycy1rw0k3vxfx
1478,skeprel7i6k0y
1479,l1s69rxtluji
1480,rwnq
1481,mbaagj
1482,bqma4ga1ud
1483,dad
1484,b6ii6ic
1485,q8w
1486,gmxvy1jf
1487,e4xt
1488,ydvr0j
1489,bbgw
1490,5ar
1491,ebacmxg1hv
1492,ftaroxain
1493,bx5gxd
1494,z9om
1495,sb0l
1496,4pdvg
1497,khz
1498,mcrc
1499,u6m4yp5n0edkm
1500,ga6
1501,y8fb
1502,et4tt7ju
1503,jg6ixb95
1504,760th0vuctwk
1505,gr6
1506,d6ettfqi
1507,hnrbh
1508,x3l
1509,ahn
1510,0ja7
1511,o1gv4cwxh1i8a
1512,txdp
1513,ohorv
1514,n0smxdcrl
1515,cys2vrt
1516,r2a3kaj
1517,jo6e
1518,q5le
1519,odz
1520,opha
1521,lwen0e2blnji0v
1522,c2fa
1523,2lmcnf
1524,c38xf
1525,gala5a8e7f
1526,nhxwzbj
1527,xzlbcza3
1528,es9mlh2cj
1529,wxm
1530,mvd
1531,eqnt
1532,fpgg
1533,f8izsrv
1534,ruct
1535,ge1lg
1536,dmu6afuxc
1537,r4por
1538,t2xz8ch
1539,adea
1540,reader
1541,familiar
1542,cryptographi
1543,clariti
1544,reach
1545,behind
1546,authorit
1547,hierarchi
1548,browser
1549,cabl
1550,modem
1551,router
1552,factori
1553,will
1554,phrase
1555,expans
1556,aspect
1557,introduc
1558,sinc
1559,802
1560,1ar
1561,compli
1562,tabl
1563,extern
1564,findstd
1565,howard
1566,ldap
1567,class
1568,taylor
1569,mavrogiannopoulo
1570,perrin
1571,zieglar
1572,peck
1573,feder
1574,fips180
1575,180
1576,revis
1577,2012
1578,nistpub
1579,sp800
1580,57
1581,part1
1582,rev3
1583,gener
1584,arc
1585,deleg
1586,group
1587,done
1588,tunnel
1589,memo
1590,magic
1591,file
1592,person
1593,email
1594,restrict
1595,add
1596,provis
1597,basi
1598,confirm
1599,resist
1600,dictionari
1601,characterist
1602,pre
1603,miicw
1604,tccaak
1605,mdw
1606,vydm
1607,ihjlc
1608,sbie
1609,sbjb
1610,gll
1611,qga
1612,zgvtbi
1613,bzd
1614,gvw
1615,idey
1616,nde
1617,ntux
1618,nvbautefbjrdp
1619,wrn
1620,zxqg
1621,mtawgg
1622,ibaqcv
1623,suyzbf
1624,cqfp
1625,aepa
1626,bsfluvm
1627,hxr
1628,wpie
1629,rio
1630,ruun
1631,fll
1632,urkq
1633,yzmq
1634,noo
1635,rptu
1636,frss
1637,niphl
1638,sikt
1639,rhz
1640,cfr
1641,aph
1642,ipu
1643,imh
1644,bhi
1645,lfhq
1646,afhz
1647,zjs
1648,ousvp
1649,umq
1650,uog
1651,soq
1652,djhpj
1653,ytj
1654,pxrqdch
1655,qjxh
1656,jhvl
1657,pho
1658,yix
1659,aysutcbb
1660,txwfcwsr
1661,wdj
1662,mmk
1663,dio
1664,avaz
1665,mbaagg
1666,bcqcx
1667,mqzezz
1668,qvht
1669,baqufaaocaqear
1670,eqb
1671,sjr
1672,lcajn
1673,hungsz
1674,idwx
1675,eze
1676,omk
1677,fgkj
1678,red
1679,yupb
1680,lblo
1681,ofx
1682,gqjheq
1683,jeibc
1684,dtajq
1685,dihi
1686,gqnhosyg
1687,izhv
1688,kpp
1689,qleb
1690,gvp
1691,rjsn
1692,mro
1693,pce
1694,rin
1695,wff
1696,namp
1697,tgwjv
1698,ikhj
1699,cll
1700,cdg
1701,oex
1702,fqh
1703,zkblo
1704,rwv
1705,dti
1706,zuwt
1707,fff
1708,gtuxvp
1709,wiw
1710,dsh
1711,bbq
1712,erbp
1713,jiw
1714,aqi
1715,gyo
1716,preambl
1717,though
1718,handi
1719,miievg
1720,ibadanbgkqhki
1721,g9w0baqefaascbkgwgg
1722,eaao
1723,ibaqdpw
1724,ktw
1725,j7tj
1726,poj64v909ryql0fo
1727,p1h
1728,u4yq5y8
1729,op5zte6arg
1730,uye099ac
1731,dfdwpi
1732,desiuj
1733,s62vck3uwnbnw
1734,4o38fup0en
1735,lbbj
1736,stud48kp
1737,ew6
1738,fzkeu
1739,aan
1740,pgzma1w
1741,kyr
1742,yy9
1743,d5t
1744,qooju
1745,cbvh
1746,iti
1747,ylznyue4agbpc
1748,r0w
1749,mtr
1750,rr2e58mu8w
1751,q80ryk6nk
1752,l7cok5z
1753,iqd
1754,nrxldk7dfvp
1755,a85yn1stumo
1756,grt
1757,vlw51i
1758,ts1lt
1759,xwhu
1760,j6lds3vv
1761,j2si
1762,y3rx
1763,pln
1764,jvi
1765,r8mf2tbojzu
1766,fqva
1767,vld2ay
1768,qjga
1769,gejq2zwhxel
1770,qaoz6n3lr
1771,choj
1772,fgq93i
1773,mbaaecgg
1774,ebalq5az
1775,yjd5x9y3f7nmuffwl
1776,rrf
1777,mhcmtrx
1778,u4aeao
1779,kbym0h
1780,fvzztxf
1781,z7xl
1782,d8g0th6gs2h
1783,fa6gwc
1784,upmi
1785,olxht0x
1786,lgg
1787,ymc
1788,nam
1789,cdj
1790,lbq7x
1791,rqcwtlc
1792,k9wca5
1793,hbwtc
1794,ey6244r
1795,xxh
1796,wd6nt6b
1797,xc165aec
1798,x87i
1799,jfj7xfne
1800,dp656s2dmx
1801,scci
1802,dte6sa
1803,em7
1804,ygu16qev
1805,mthc
1806,xkvp
1807,ikk2px5idad4pb6
1808,qhpqj3d4o
1809,m8dj
1810,o6w
1811,yuvr
1812,h8xqlq
1813,f8hd5l
1814,fwvu57n
1815,syy
1816,h79
1817,ndtf
1818,rtul6axr7km
1819,kvfoj0jj
1820,zex
1821,ucvmzt
1822,giqh
1823,b6ucg
1824,yea639otd
1825,wlzczi
1826,zfme
1827,p7vl
1828,rddoz0vatr
1829,u2dxn
1830,eb4c
1831,wd8gerg8u
1832,nvp8og84g
1833,6mb
1834,pwz4zywkcg
1835,dfqyr
1836,alw
1837,sf02n9sovh93eo
1838,j5lat
1839,sbfe
1840,yuk
1841,b8l
1842,hvk5
1843,cbges
1844,v9mukd
1845,mf0
1846,b43ylhi
1847,edi
1848,0ue
1849,hlfg
1850,rrfp
1851,p2c
1852,xdu
1853,eie
1854,yea4db
1855,sirw
1856,g1gjo3o
1857,e09kd89vgj
1858,vrer
1859,srbcqc7dc
1860,pxp6lw42sx96h4j
1861,vwwq
1862,hvo3dfw
1863,fbd
1864,ub1lh2cn
1865,vxqjg
1866,duhd
1867,ndpl01cf
1868,bfycfini2q
1869,kmqi
1870,jyswkh
1871,z1blz
1872,qtdb
1873,pfl2pg
1874,lni
1875,kfg2a
1876,flr
1877,ts3s
1878,tge
1879,b5qw
1880,rpig
1881,h3kf
1882,yapq
1883,cji
1884,fmlrvf
1885,rrnzd
1886,qewi4vn
1887,epf4
1888,as1g
1889,d8vf
1890,zwlkw
1891,vyl
1892,ud9hcerzg
1893,a7rixi
1894,q0sx
1895,tvtxh
1896,l6pxl
1897,m2nebfqb
1898,v16h
1899,pfl6
1900,g4f0u9o
1901,hno
1902,g8r
1903,htq
1904,sjn
1905,bn4yo
1906,yfm70dhe7qtb
1907,zelca
1908,pch6cuhj2st5b8zhwdt
1909,reqkbg
1910,hnp
1911,xiy4c2ubi
1912,canv9csa
1913,xul
1914,iod
1915,xnba
1916,cgpf
1917,om5d
1918,wrm5dd
1919,lmf33mo9va
1920,sre
1921,ku3
1922,q4nbgs
1923,glw
1924,pp1zqz
1925,qznzp
1926,mi7w6306yp4gd
1927,aj5pb
1928,oww
1929,st0vq
1930,w5ob7d
1931,ili
1932,k4a9s4
1933,zki
1934,nrf
1935,rsl8gm
1936,dhc9rsu
1937,dwqof
1938,iaq
1939,vhvbhnz
1940,jao
1941,gbaohqof5l6i
1942,ghohcx
1943,lazx
1944,4mgv
1945,rtpmz
1946,px6q3qxqpet
1947,egfedzaa
1948,l58l67sss3f
1949,fbn
1950,vaid
1951,f6ll
1952,c1b
1953,ah1ao
1954,yhudi45x
1955,boroy0h
1956,bwrn
1957,r6c
1958,cvw5st
1959,rkz
1960,iev
1961,tzhhozk
1962,m7pyh
1963,x4bi
1964,bmg
1965,q3bh
1966,tp4h
1967,miidrqyjko
1968,iidnj
1969,ccaz
1970,icaqex
1971,mymiid
1972,fdccafyg
1973,ibfj
1974,u1nlo
1975,u1nlow
1976,ldeq
1977,mhc2vydm
1978,vyc2lk
1979,zsbr
1980,zxkg
1981,z2vu
1982,zxjhd
1983,gvk
1984,ihjlc3bvbn
1985,miibij
1986,anbgkq
1987,hki
1988,kcaqeaz8crc
1989,ce04z
1990,iapj6i
1991,ffd
1992,pa8qpd
1993,h6d9i
1994,vogkucv
1995,p2zj
1996,wu3ug
1997,k4fyvmnt
1998,qhpn
1999,x3c
2000,kcj
2001,eoro1bf3uutl
2002,xjn1fj
2003,w58pu
2004,bvkd
2005,hpy2240k7n
2006,pcq
2007,rfuvhc5hrg
2008,gpzxm
2009,tanc
2010,csq2mvaw
2011,udji
2012,vpwg
2013,vyvki
2014,c2twfhu
2015,g6xed
2016,mdla0a9h
2017,dlv
2018,mepnk8p
2019,op5c
2020,wjp
2021,owsehtuc
2022,zxzowxb6qpowj
2023,lbpq
2024,bkb
2025,vs1ud
2026,yl3k0t
2027,s7v8ibl
2028,i3b
2029,n77w
2030,iidkomd
2031,gn68t5zi
2032,vch
2033,zkf
2034,dh9kw
2035,to87har2v1sw9msk
2036,i4ghh
2037,i6tm
2038,vh13p
2039,uadmejd5awoa
2040,rqvd8jo
2041,qidaqabo1iw
2042,hqydvr0obbyefk
2043,zixu9f
2044,app
2045,dx2ss5haxm
2046,v6jr4
2047,mb8ga1ud
2048,aflhea
2049,i8ma0gcsq
2050,gsib3dqebbqua
2051,a4ibaqbhh
2052,rakrn
2053,tapqq
2054,bob
2055,dm9iqdqpuw
2056,w1g
2057,zkl
2058,iwiw
2059,hezl1ig
2060,xhpjj
2061,rf4xqp
2062,iki
2063,jmmka
2064,oeo
2065,xa8pfni
2066,zm9fqsm
2067,j89cuf5d
2068,wj8s17xu
2069,xu9l
2070,xjj
2071,xhs
2072,l40wu
2073,dg6t
2074,mpn9vc
2075,t8t
2076,e3ruor608mkshfx
2077,nem6
2078,nvsuptm
2079,b33bg
2080,yb1wa
2081,e7pn3jmn6pj
2082,f4p
2083,ki8qvo
2084,tsvvja
2085,cew
2086,ue8q
2087,fw1yvjo
2088,yjti
2089,mn4v5kb3rt
2090,s8yie1tcf
2091,vqrj
2092,qutqr34
2093,pzi
2094,zwi92kza
2095,1958a6m9o
2096,p5oi0up9zxkg2dec
2097,1o9q
2098,t0gi
2099,yj6sx
2100,gtoxk6j
2101,mdd
2102,epilogu
2103,sourc
2104,architectur
2105,locat
2106,sever
2107,tradit
2108,alloc
2109,role
2110,natur
2111,adopt
2112,rollov
2113,combin
2114,signal
2115,answer
2116,problem
2117,least
2118,interv
2119,log
2120,event
2121,stateless
2122,simpli
2123,close
2124,borenstein
2125,bradner
2126,rfcs
2127,hoffman
2128,getti
2129,mogul
2130,frystyk
2131,frank
2132,hallam
2133,baker
2134,hostetl
2135,lawrenc
2136,luotonen
2137,stewart
2138,generic
2139,3986
2140,rfc4086
2141,schiller
2142,crocker
2143,106
2144,4086
2145,rfc4108
2146,firmwar
2147,4108
2148,rfc4210
2149,adam
2150,kaus
2151,mononen
2152,4210
2153,rfc4346
2154,4346
2155,rfc4648
2156,josefsson
2157,base16
2158,base32
2159,4648
2160,octob
2161,rfc5077
2162,salowey
2163,zhou
2164,eronen
2165,tschofenig
2166,5077
2167,rfc5246
2168,5246
2169,5272
2170,5273
2171,rfc5274
2172,complianc
2173,5274
2174,rfc5280
2175,cooper
2176,santesson
2177,boeyen
2178,polk
2179,crl
2180,5280
2181,rfc5652
2182,5652
2183,2009
2184,rfc5746
2185,ray
2186,dispensa
2187,oskov
2188,5746
2189,februari
2190,5751
2191,rfc5785
2192,nottingham
2193,hammer
2194,lahav
2195,5785
2196,altman
2197,william
2198,zhu
2199,5929
2200,5958
2201,rfc6066
2202,definit
2203,6066
2204,rfc6125
2205,saint
2206,andr
2207,hodg
2208,represent
2209,domain
2210,context
2211,6125
2212,rfc6402
2213,6402
2214,rfc6454
2215,barth
2216,6454
2217,rfc6838
2218,klensin
2219,hansen
2220,6838
2221,2013
2222,8824
2223,abstract
2224,8825
2225,canon
2226,cer
2227,held
