"R1.1, PS1.1.2.2"
"R1.1, PS1.2.4.1"
"R1.1, PS1.2.4.3"
"R1.1, PS1.2.7.1"
"R1.1, PS1.6.1.2.1, PS"
"R1.1, PS1.6.1.2.2, PS"
"R1.1, PS1.6.1.2.3, PS"
"R1.1, PS1.6.1.2.4, PS"
"R1.1, PS1.6.1.2.5, PS"
"R1.1, PS1.6.1.2.6, PS"
"R1.1, PS1.6.1.3, PS"
"R1.1, PS1.6.1.4.1, PS"
"R1.1, PS1.6.1.4.2, PS"
"R1.1, PS1.6.1.4.3, PS"
"R1.1, PS1.6.1.4.4, PS"
"R1.1, PS1.6.1.5, PS"
"R1.1, PS1.6.1.6.1, PS"
"R1.1, PS1.6.1.6.2, PS"
"R1.1, PS1.6.1.7.1, PS"
"R1.1, PS1.6.1.7.2, PS"
"R1.1, PS1.6.1.7.3, PS"
"R1.1, PS1.6.2.1, PS"
"R1.1, PS1.6.2.2, PS"
"R1.1, PS1.6.2.3, PS"
"R1.1, PS1.6.3.1, PS"
"R1.1, PS1.6.3.2, PS"
"R1.1, PS1.6.3.3, PS"
"R1.1, PS1.6.4.1, PS"
"R1.1, PS1.6.4.2, PS"
"R1.1, PS1.6.5.1, PS"
"R1.1, PS1.6.5.2, PS"
"R1.1, PS1.6.5.3, PS"
"R1.1.0, PS1.2.5.6, PS"
"R1.1.0, PS4.4.1.8, PS"
"R1.1.0, PS6.1.1, PS"
"R1.1.0, PS6.1.2, PS"
"R1.1.0, PS6.3.1, PS"
"R1.1.0, PS6.3.2, PS"
"R1.1.0, PS6.3.3, PS"
"R1.1.0, PS6.5.1, PS"
"R1.1.0, PS6.8.3.1, PS"
"R1.1.0, PS6.8.3.2, PS"
"R1.1.0, PS6.8.3.3, PS"
"R1.1.1, PS6.8.3.2"
"R1.1.1, PS1.2.5.6, PS"
"R1.1.1, PS6.1.1, PS"
"R1.1.1.1, PS1.2.5.6"
"R1.1.1.1, PS6.1.1"
"R1.1.1.1, PS6.3.2"
"R1.1.1.1, PS6.8.3.2"
"R1.1.1.1.1, PS6.1.1"
"R1.1.1.1.1, PS6.3.2"
"R1.1.1.1.1, PS6.8.3.2"
"R1.1.1.1.2, PS6.1.1"
"R1.1.1.1.2, PS6.3.2"
"R1.1.1.1.2, PS6.8.3.2"
"R1.1.1.1.3, PS6.1.1"
"R1.1.1.1.3, PS6.3.2"
"R1.1.1.1.3, PS6.8.3.2"
"R1.1.1.1.4, PS6.1.1"
"R1.1.1.1.4, PS6.3.2"
"R1.1.1.1.4, PS6.8.3.2"
"R1.1.1.1.5, PS6.1.1"
"R1.1.1.1.5, PS6.3.2"
"R1.1.1.1.5, PS6.8.3.2"
"R1.1.1.1.6, PS6.1.1"
"R1.1.1.1.6, PS6.3.2"
"R1.1.1.1.6, PS6.8.3.2"
"R1.1.2, PS1.2.5.6"
"R1.1.2, PS6.1.1"
"R1.1.2, PS6.3.2"
"R1.1.2, PS6.5.1"
"R1.1.2, PS6.8.3.2"
"R1.1.2.1, PS1.2.5.6"
"R1.1.2.1, PS6.1.1"
"R1.1.2.1, PS6.3.2"
"R1.1.2.1, PS6.5.1"
"R1.1.2.1, PS6.8.3.2"
"R1.1.2.1.1, PS6.1.1"
"R1.1.2.1.1, PS6.3.2"
"R1.1.2.1.1, PS6.5.1"
"R1.1.2.1.1, PS6.8.3.2"
"R1.1.2.1.2, PS6.1.1"
"R1.1.2.1.2, PS6.3.2"
"R1.1.2.1.2, PS6.5.1"
"R1.1.2.1.2, PS6.8.3.2"
"R1.1.2.1.3, PS6.1.1"
"R1.1.2.1.3, PS6.3.2"
"R1.1.2.1.3, PS6.5.1"
"R1.1.2.1.3, PS6.8.3.2"
"R1.1.2.1.4, PS6.1.1"
"R1.1.2.1.4, PS6.3.2"
"R1.1.2.1.4, PS6.5.1"
"R1.1.2.1.4, PS6.8.3.2"
"R1.1.2.1.5, PS6.1.1"
"R1.1.2.1.5, PS6.3.2"
"R1.1.2.1.5, PS6.5.1"
"R1.1.2.1.5, PS6.8.3.2"
"R1.1.2.1.6, PS6.1.1"
"R1.1.2.1.6, PS6.3.2"
"R1.1.2.1.6, PS6.5.1"
"R1.1.2.1.6, PS6.8.3.2"
"R1.1.2.1.7, PS6.1.1"
"R1.1.2.1.8, PS6.1.1"
"R1.1.2.1.8, PS6.3.2"
"R1.1.2.1.8, PS6.5.1"
"R1.1.2.1.8, PS6.8.3.2"
"R1.1.3, PS6.1.1"
"R1.1.3, PS6.1.2"
"R1.1.3, PS6.3.1"
"R1.1.3, PS6.3.3"
"R1.1.3, PS6.3.4"
"R1.1.3, PS6.8.3.1"
"R1.1.3, PS6.8.3.3"
"R1.1.3.1, PS6.1.1"
"R1.1.3.1, PS6.1.2"
"R1.1.3.1, PS6.3.4"
"R1.1.3.1.1, PS6.1.1"
"R1.1.3.1.1, PS6.3.4"
"R1.1.3.1.2, PS6.1.1"
"R1.1.3.1.3, PS6.1.1"
"R1.1.3.1.4, PS6.1.1"
"R1.1.3.2, PS6.1.1"
"R1.1.3.2, PS6.1.2"
"R1.1.3.2, PS6.3.1"
"R1.1.3.2, PS6.3.3"
"R1.1.3.2, PS6.8.3.1"
"R1.1.3.2, PS6.8.3.3"
"R1.1.3.2.1, PS6.3.1"
"R1.1.3.2.1, PS6.3.3"
"R1.1.3.2.1, PS6.8.3.1"
"R1.1.3.2.1, PS6.8.3.3"
"R1.1.3.2.10, PS6.3.1"
"R1.1.3.2.10, PS6.3.3"
"R1.1.3.2.10, PS6.8.3.1"
"R1.1.3.2.10, PS6.8.3.3"
"R1.1.3.2.2, PS6.3.1"
"R1.1.3.2.2, PS6.3.3"
"R1.1.3.2.2, PS6.8.3.1"
"R1.1.3.2.2, PS6.8.3.3"
"R1.1.3.2.3, PS6.3.1"
"R1.1.3.2.3, PS6.3.3"
"R1.1.3.2.3, PS6.8.3.1"
"R1.1.3.2.3, PS6.8.3.3"
"R1.1.3.2.4, PS6.3.1"
"R1.1.3.2.4, PS6.3.3"
"R1.1.3.2.4, PS6.8.3.1"
"R1.1.3.2.4, PS6.8.3.3"
"R1.1.3.2.5, PS6.3.1"
"R1.1.3.2.5, PS6.3.3"
"R1.1.3.2.5, PS6.8.3.1"
"R1.1.3.2.6, PS6.3.1"
"R1.1.3.2.6, PS6.3.3"
"R1.1.3.2.6, PS6.8.3.1"
"R1.1.3.2.6, PS6.8.3.3"
"R1.1.3.2.7, PS6.3.1"
"R1.1.3.2.7, PS6.3.3"
"R1.1.3.2.7, PS6.8.3.1"
"R1.1.3.2.7, PS6.8.3.3"
"R1.1.3.2.8, PS6.3.1"
"R1.1.3.2.8, PS6.3.3"
"R1.1.3.2.8, PS6.3.4"
"R1.1.3.2.8, PS6.8.3.1"
"R1.1.3.2.8, PS6.8.3.3"
"R1.1.3.2.9, PS6.3.1"
"R1.1.3.2.9, PS6.3.3"
"R1.1.3.2.9, PS6.8.3.1"
"R1.1.3.2.9, PS6.8.3.3"
"R1.1.3.3, PS6.1.1"
"R1.1.3.3, PS6.1.2"
"R1.1.3.3.1, PS6.1.1"
"R1.1.3.3.2, PS6.1.1"
"R1.1.4, PS1.1.4.6"
"R1.1.4, PS6.1.1"
"R1.1.4, PS6.1.2"
"R1.1.4, PS6.3.4"
"R1.1.4, PS6.8.3.2"
"R1.1.4, PS6.8.3.3"
"R1.1.4.1, PS1.1.4.6"
"R1.1.4.1, PS6.1.1"
"R1.1.4.1, PS6.1.2"
"R1.1.4.1, PS6.3.4"
"R1.1.4.1, PS6.8.3.2"
"R1.1.4.1.1, PS1.1.4.6"
"R1.1.4.1.1, PS6.1.1"
"R1.1.4.1.1, PS6.1.2"
"R1.1.4.1.1, PS6.8.3.2"
"R1.1.4.1.2, PS1.1.4.6"
"R1.1.4.1.2, PS6.1.1"
"R1.1.4.1.2, PS6.1.2"
"R1.1.4.1.2, PS6.8.3.2"
"R1.1.4.1.3, PS1.1.4.6"
"R1.1.4.1.3, PS6.1.1"
"R1.1.4.1.3, PS6.1.2"
"R1.1.4.1.3, PS6.3.4"
"R1.1.4.1.3, PS6.8.3.2"
"R1.1.4.1.4, PS1.1.4.6"
"R1.1.4.1.4, PS6.8.3.2"
"R1.1.4.2, PS6.8.3.3"
"R1.1.4.2.1, PS6.8.3.3"
"R1.10.0, PS1.1.2.2, PS"
"R1.10.0, PS1.2.4.3, PS"
"R1.10.0, PS1.6.1.1, PS"
"R1.10.1, PS1.2.4.3, PS"
"R1.10.1, PS1.6.1.1, PS"
"R1.10.1, PS1.6.1.2.1, PS"
"R1.10.1, PS1.6.1.4.1, PS"
"R1.10.1, PS1.6.1.6.1, PS"
"R1.10.1, PS1.6.3.1, PS"
"R1.10.1, PS1.6.3.2, PS"
"R1.10.1, PS1.6.3.3, PS"
"R1.10.1.1, PS1.2.4.3, PS"
"R1.10.1.1, PS1.6.3.1, PS"
"R1.10.1.2, PS1.6.3.1, PS"
"R1.10.1.2, PS1.6.3.3, PS"
"R1.10.1.3, PS1.6.3.1, PS"
"R1.10.1.3, PS1.6.3.3, PS"
"R1.10.1.4, PS1.6.1.6.1, PS"
"R1.10.1.5, PS1.6.1.4.1, PS"
"R1.10.1.6, PS1.6.3.1, PS"
"R1.10.1.6, PS1.6.3.2, PS"
"R1.10.1.7, PS1.6.1.1, PS"
"R1.10.1.7, PS1.6.1.2.1, PS"
"R1.10.1.7, PS1.6.3.1, PS"
"R1.10.2, PS1.6.2.1"
"R1.10.2, PS1.6.2.2"
"R1.10.2, PS1.6.2.3"
"R1.10.2, PS1.6.3.1"
"R1.10.2, PS1.6.4.1"
"R1.10.2, PS1.6.4.2"
"R1.10.2, PS1.6.5.1"
"R1.10.2, PS1.6.5.3"
"R1.10.2, PS1.6.1.1, PS"
"R1.10.2.1, PS1.6.1.1"
"R1.10.2.1, PS1.6.2.1"
"R1.10.2.1, PS1.6.4.1"
"R1.10.2.1, PS1.6.4.2"
"R1.10.2.1, PS1.6.5.3"
"R1.10.2.1.1, PS1.6.1.1"
"R1.10.2.1.2, PS1.6.4.2"
"R1.10.2.1.3, PS1.6.4.1"
"R1.10.2.1.3, PS1.6.5.3"
"R1.10.2.2, PS1.6.1.4.2"
"R1.10.2.2, PS1.6.2.2"
"R1.10.2.2, PS1.6.2.3"
"R1.10.2.2, PS1.6.3.1"
"R1.10.2.2, PS1.6.4.2"
"R1.10.2.2, PS1.6.5.1"
"R1.10.2.2.1, PS1.6.2.2"
"R1.10.2.2.1, PS1.6.5.1"
"R1.10.2.2.2, PS1.6.2.3"
"R1.10.2.2.2, PS1.6.5.1"
"R1.10.2.2.3, PS1.6.5.1"
"R1.10.2.2.4, PS1.6.1.4.2"
"R1.10.2.2.4, PS1.6.4.2"
"R1.10.3, PS1.2.4.1"
"R1.10.3, PS1.2.7.1"
"R1.10.3, PS1.6.1.1"
"R1.10.3, PS1.6.1.2.1"
"R1.10.3, PS1.6.1.2.2"
"R1.10.3, PS1.6.1.3"
"R1.10.3, PS1.6.1.4.3"
"R1.10.3, PS1.6.1.5"
"R1.10.3, PS1.6.1.6.2"
"R1.10.3, PS1.6.1.7.2"
"R1.10.3, PS1.6.3.3"
"R1.10.3, PS1.6.5.2"
"R1.10.3.1, PS1.2.7.1"
"R1.10.3.1, PS1.6.1.2.1"
"R1.10.3.1, PS1.6.1.6.2"
"R1.10.3.1, PS1.6.5.2"
"R1.10.3.2, PS1.2.7.6"
"R1.10.3.2, PS1.6.1.2.1"
"R1.10.3.3, PS1.2.4.1"
"R1.10.3.3, PS1.2.7.1"
"R1.10.3.3, PS1.6.1.1"
"R1.10.3.3, PS1.6.1.2.1"
"R1.10.3.3, PS1.6.1.2.2"
"R1.10.3.3, PS1.6.1.4.3"
"R1.10.3.3, PS1.6.1.5"
"R1.10.3.3, PS1.6.3.3"
"R1.10.3.3.1, PS1.6.1.2.1"
"R1.10.3.3.2, PS1.2.7.1"
"R1.10.3.3.2, PS1.6.1.2.2"
"R1.10.3.3.3, PS1.2.7.1"
"R1.10.3.3.3, PS1.6.1.1"
"R1.10.3.3.3, PS1.6.1.5"
"R1.10.3.3.4, PS1.6.1.3"
"R1.10.3.3.5, PS1.2.4.1"
"R1.10.3.3.5, PS1.6.1.4.3"
"R1.10.3.3.5, PS1.6.3.3"
"R1.10.4, PS1.2.7.1"
"R1.10.4, PS1.6.1.2.3"
"R1.10.4, PS1.6.1.2.5"
"R1.10.4, PS1.6.1.2.6"
"R1.10.4, PS1.6.1.7.1"
"R1.10.4, PS1.6.1.7.3"
"R1.10.4.1, PS1.2.7.1"
"R1.10.4.1, PS1.6.1.2.3"
"R1.10.4.1, PS1.6.1.2.5"
"R1.10.4.1, PS1.6.1.2.6"
"R1.10.4.1, PS1.6.1.7.3"
"R1.10.4.2, PS1.6.1.7.1"
"R1.10.4.2.1, PS1.6.1.7.1"
"R1.10.5, PS1.2.4.1"
"R1.10.5, PS1.2.7.1"
"R1.10.5, PS1.6.1.2.4"
"R1.10.5, PS1.6.1.4.4"
"R1.10.5, PS1.6.1.6.1"
"R1.10.5, PS1.6.1.7.3"
"R1.10.5, PS1.6.2.2"
"R1.10.5, PS1.6.3.3"
"R1.10.5.1, PS1.2.7.1"
"R1.10.5.1, PS1.6.1.2.4"
"R1.10.5.2, PS1.2.4.1"
"R1.10.5.2, PS1.2.7.1"
"R1.10.5.2, PS1.6.1.2.4"
"R1.10.5.2, PS1.6.1.4.4"
"R1.10.5.2, PS1.6.1.6.1"
"R1.10.5.2, PS1.6.1.7.3"
"R1.10.5.2, PS1.6.2.2"
"R1.10.5.2, PS1.6.3.3"
"R1.10.5.2.1, PS1.6.1.6.1"
"R1.10.5.2.1, PS1.6.1.7.3"
"R1.10.5.2.2, PS1.2.7.1"
"R1.10.5.2.2, PS1.6.1.2.4"
"R1.10.5.2.3, PS1.6.3.3"
"R1.10.5.2.4, PS1.6.2.2"
"R1.10.5.2.5, PS1.6.3.3"
"R1.10.5.2.6, PS1.2.4.1"
"R1.10.5.2.6, PS1.6.1.4.4"
"R1.2, PS1.1.1.3"
"R1.2, PS1.1.3"
"R1.2.0, PS6.2.1.1"
"R1.2.0, PS6.2.1.2"
"R1.2.0, PS6.2.1.3"
"R1.2.0, PS6.2.1.4"
"R1.2.0, PS6.2.2"
"R1.2.0, PS6.2.3"
"R1.2.0, PS6.2.4"
"R1.2.0, PS6.2.5"
"R1.2.0, PS6.2.6"
"R1.2.0, PS6.6.2.1"
"R1.2.0, PS6.7.2.1.1"
"R1.2.0, PS6.7.2.2"
"R1.2.1, PS6.2.2"
"R1.2.1, PS6.2.3"
"R1.2.1, PS6.6.2.1"
"R1.2.1, PS6.7.2.1.1"
"R1.2.1, PS6.7.2.2"
"R1.2.1.1, PS6.2.2"
"R1.2.1.1, PS6.2.3"
"R1.2.1.1, PS6.7.2.2"
"R1.2.1.2, PS6.2.3"
"R1.2.1.2, PS6.7.2.2"
"R1.2.1.3, PS6.2.2"
"R1.2.1.3, PS6.2.3"
"R1.2.1.3, PS6.7.2.2"
"R1.2.1.4, PS6.6.2.1"
"R1.2.1.4, PS6.7.2.1.1"
"R1.2.1.4.1, PS6.6.2.1"
"R1.2.1.4.2, PS6.7.2.1.1"
"R1.2.1.5, PS6.2.2"
"R1.2.1.5, PS6.2.3"
"R1.2.1.5, PS6.2.5"
"R1.2.1.5, PS6.7.2.2"
"R1.2.2, PS6.2.1.1"
"R1.2.2, PS6.2.1.2"
"R1.2.2, PS6.2.1.3"
"R1.2.2, PS6.2.1.4"
"R1.2.2, PS6.2.4"
"R1.2.2, PS6.2.6"
"R1.2.2, PS6.7.2.1.1"
"R1.2.2.1, PS6.2.1.1"
"R1.2.2.1, PS6.2.1.2"
"R1.2.2.1, PS6.2.1.3"
"R1.2.2.1, PS6.2.1.4"
"R1.2.2.1, PS6.2.4"
"R1.2.2.1, PS6.2.6"
"R1.2.2.1, PS6.7.2.1.1"
"R1.2.2.1.1, PS6.2.1.1"
"R1.2.2.1.1, PS6.2.1.2"
"R1.2.2.1.1, PS6.2.1.3"
"R1.2.2.1.1, PS6.2.1.4"
"R1.2.2.1.1, PS6.2.6"
"R1.2.2.1.2, PS6.2.1.1"
"R1.2.2.1.2, PS6.2.1.2"
"R1.2.2.1.2, PS6.2.1.3"
"R1.2.2.1.2, PS6.2.1.4"
"R1.2.2.1.2, PS6.2.4"
"R1.2.2.1.2, PS6.2.6"
"R1.2.2.1.2.1, PS6.2.1.1"
"R1.2.2.1.2.1, PS6.2.1.2"
"R1.2.2.1.2.1, PS6.2.1.3"
"R1.2.2.1.2.1, PS6.2.1.4"
"R1.2.2.1.2.1, PS6.2.4"
"R1.2.2.1.2.1, PS6.2.6"
"R1.2.2.1.3, PS6.2.1.1"
"R1.2.2.1.3, PS6.2.1.2"
"R1.2.2.1.3, PS6.2.1.3"
"R1.2.2.1.3, PS6.2.1.4"
"R1.2.2.1.3, PS6.2.4"
"R1.2.2.1.3, PS6.2.6"
"R1.2.2.1.4, PS6.7.2.1.1"
"R1.2.2.2, PS6.7.2.1.1"
"R1.2.3, PS1.1.1.3"
"R1.2.3, PS1.1.3"
"R1.2.3, PS6.2.2"
"R1.2.3, PS6.2.3"
"R1.2.3, PS6.2.5"
"R1.2.3, PS6.7.2.1.1"
"R1.2.3, PS6.7.2.2"
"R1.2.3.1, PS6.2.2"
"R1.2.3.1, PS6.2.3"
"R1.2.3.1, PS6.7.2.2"
"R1.2.3.1.1, PS6.2.2"
"R1.2.3.1.1, PS6.2.3"
"R1.2.3.1.1, PS6.7.2.2"
"R1.2.3.1.2, PS6.2.2"
"R1.2.3.1.2, PS6.2.3"
"R1.2.3.1.2, PS6.7.2.2"
"R1.2.3.1.3, PS6.2.2"
"R1.2.3.1.3, PS6.2.3"
"R1.2.3.1.3, PS6.7.2.2"
"R1.2.3.1.4, PS6.2.2"
"R1.2.3.1.4, PS6.2.3"
"R1.2.3.1.4, PS6.7.2.2"
"R1.2.3.1.4.1, PS6.2.2"
"R1.2.3.1.4.1, PS6.2.3"
"R1.2.3.1.4.1, PS6.7.2.2"
"R1.2.3.1.4.2, PS6.2.2"
"R1.2.3.1.4.2, PS6.2.3"
"R1.2.3.1.4.2, PS6.7.2.2"
"R1.2.3.1.5, PS6.2.2"
"R1.2.3.1.5, PS6.2.3"
"R1.2.3.1.5, PS6.7.2.2"
"R1.2.3.2, PS1.1.1.3"
"R1.2.3.2, PS6.2.2"
"R1.2.3.2, PS6.2.3"
"R1.2.3.2, PS6.2.5"
"R1.2.3.2, PS6.7.2.1.1"
"R1.2.3.2, PS6.7.2.2"
"R1.2.3.2.1, PS6.7.2.1.1"
"R1.2.3.2.2, PS6.2.2"
"R1.2.3.2.2, PS6.2.3"
"R1.2.3.2.2, PS6.2.5"
"R1.2.3.2.2.1, PS6.2.2"
"R1.2.3.2.2.1, PS6.2.3"
"R1.2.3.2.2.1, PS6.2.5"
"R1.2.3.2.2.1, PS6.7.2.2"
"R1.2.3.2.3, PS1.1.1.3"
"R1.2.3.2.3, PS1.1.3"
"R1.2.3.2.4, PS6.2.2"
"R1.2.3.2.4, PS6.2.3"
"R1.2.3.2.4, PS6.7.2.2"
"R1.2.3.2.5, PS6.2.2"
"R1.2.3.2.5, PS6.2.3"
"R1.2.3.2.5, PS6.2.5"
"R1.2.3.2.5, PS6.7.2.2"
"R1.3, PS1.6.1.1"
"R1.3, PS6.2.2"
"R1.3, PS6.6.2.5"
"R1.3, PS6.8.3.3"
"R1.3, PS6.8.3.4"
"R1.3, PS7.4.1.3"
"R1.3, PS7.4.1.4"
"R1.3, PS7.4.1.5"
"R1.3.0, PS6.2.5"
"R1.3.0, PS6.6.1"
"R1.3.0, PS6.6.2.1"
"R1.3.0, PS6.6.2.2"
"R1.3.0, PS6.6.2.3"
"R1.3.0, PS6.6.2.4"
"R1.3.0, PS6.6.2.6"
"R1.3.0, PS6.6.3"
"R1.3.0, PS6.6.4"
"R1.3.0, PS6.6.5"
"R1.3.0, PS6.7.2.1.1"
"R1.3.0, PS6.7.2.1.2"
"R1.3.0, PS6.7.2.1.3"
"R1.3.0, PS6.7.2.2"
"R1.3.0, PS6.7.2.3"
"R1.3.0, PS6.7.2.4"
"R1.3.0, PS6.8.1.1.1"
"R1.3.0, PS6.8.1.1.2"
"R1.3.0, PS6.8.1.1.3"
"R1.3.0, PS6.8.1.2"
"R1.3.0, PS7.4.1.3"
"R1.3.0, PS7.4.1.4"
"R1.3.0, PS7.4.1.5"
"R1.3.1, PS6.6.1"
"R1.3.1, PS6.6.2.1"
"R1.3.1, PS6.6.2.2"
"R1.3.1, PS6.6.2.3"
"R1.3.1, PS6.6.2.6"
"R1.3.1, PS6.6.3"
"R1.3.1, PS6.6.4"
"R1.3.1, PS6.6.5"
"R1.3.1, PS6.7.2.1.1"
"R1.3.1, PS6.7.2.1.2"
"R1.3.1, PS6.7.2.1.3"
"R1.3.1, PS6.7.2.2"
"R1.3.1, PS6.7.2.3"
"R1.3.1, PS6.8.1.1.1"
"R1.3.1, PS6.8.1.1.2"
"R1.3.1, PS6.8.1.1.3"
"R1.3.1, PS6.8.1.2"
"R1.3.1.1, PS6.7.2.1.1"
"R1.3.1.1, PS6.7.2.1.2"
"R1.3.1.1, PS6.7.2.1.3"
"R1.3.1.1, PS6.8.1.1.1"
"R1.3.1.1, PS6.8.1.1.2"
"R1.3.1.1, PS6.8.1.1.3"
"R1.3.1.1, PS6.8.1.2"
"R1.3.1.2, PS1.6.1.1"
"R1.3.1.2, PS6.6.1"
"R1.3.1.2, PS6.6.2.1"
"R1.3.1.2, PS6.6.2.2"
"R1.3.1.2, PS6.6.2.3"
"R1.3.1.2, PS6.6.2.6"
"R1.3.1.2, PS6.6.3"
"R1.3.1.2, PS6.6.4"
"R1.3.1.2, PS6.6.5"
"R1.3.1.2, PS6.7.2.1.1"
"R1.3.1.2, PS6.7.2.1.2"
"R1.3.1.2, PS6.7.2.1.3"
"R1.3.1.2, PS6.7.2.2"
"R1.3.1.2, PS6.7.2.3"
"R1.3.1.2, PS6.8.1.1.1"
"R1.3.1.2, PS6.8.1.1.2"
"R1.3.1.2, PS6.8.1.1.3"
"R1.3.1.2, PS6.8.1.2"
"R1.3.1.2.1, PS"
"R1.3.1.2.1, PS"
"R1.3.1.2.1, PS"
"R1.3.1.2.1, PS"
"R1.3.1.2.1, PS"
"R1.3.1.2.1, PS1.6.1.1"
"R1.3.1.2.1, PS6.6.2.1"
"R1.3.1.2.1, PS6.6.2.2"
"R1.3.1.2.1, PS6.6.2.3"
"R1.3.1.2.1, PS6.6.2.6"
"R1.3.1.2.1, PS6.6.3"
"R1.3.1.2.1, PS6.6.4"
"R1.3.1.2.1, PS6.6.5"
"R1.3.1.2.1, PS6.7.2.1.1"
"R1.3.1.2.1, PS6.7.2.1.2"
"R1.3.1.2.1, PS6.7.2.1.3"
"R1.3.1.2.1(a), PS"
"R1.3.1.2.1(b), PS"
"R1.3.1.2.1(b), PS"
"R1.3.1.2.1(b), PS"
"R1.3.1.2.1(c), PS"
"R1.3.1.2.1(c), PS"
"R1.3.1.2.1(d), PS"
"R1.3.1.2.1(d), PS"
"R1.3.1.2.1(d).1, PS"
"R1.3.1.2.1(d).2, PS"
"R1.3.1.2.1(d).2, PS"
"R1.3.1.2.1(d).3, PS"
"R1.3.1.2.1(d).3, PS"
"R1.3.1.3, PS"
"R1.3.1.3, PS"
"R1.3.1.3, PS"
"R1.3.1.3, PS"
"R1.3.1.3, PS"
"R1.3.1.3, PS"
"R1.3.1.3, PS"
"R1.3.1.3, PS"
"R1.3.1.3, PS"
"R1.3.1.3, PS"
"R1.3.1.3, PS"
"R1.3.1.3, PS"
"R1.3.1.3(a), PS"
"R1.3.1.3(b), PS"
"R1.3.1.3(c), PS"
"R1.3.1.3(d), PS"
"R1.3.2, PS"
"R1.3.2, PS"
"R1.3.2, PS"
"R1.3.2, PS"
"R1.3.2, PS"
"R1.3.2, PS"
"R1.3.2, PS"
"R1.3.2, PS"
"R1.3.2, PS"
"R1.3.2, PS"
"R1.3.2, PS"
"R1.3.2, PS"
"R1.3.2, PS"
"R1.3.2, PS"
"R1.3.2.1, PS"
"R1.3.2.1, PS"
"R1.3.2.1, PS"
"R1.3.2.1, PS"
"R1.3.2.1, PS"
"R1.3.2.1(a), PS6.6.2.4"
"R1.3.2.1(b), PS6.6.2.6"
"R1.3.2.2, PS6.6.1"
"R1.3.2.2, PS6.6.2.1"
"R1.3.2.2, PS6.7.2.1.1"
"R1.3.2.2, PS6.7.2.1.2"
"R1.3.2.2, PS6.7.2.1.3"
"R1.3.2.2, PS6.7.2.2"
"R1.3.2.2, PS6.7.2.3"
"R1.3.2.2, PS6.8.1.1.1"
"R1.3.2.2, PS6.8.1.1.2"
"R1.3.2.2, PS6.8.1.1.3"
"R1.3.2.2, PS6.8.1.2"
"R1.3.2.2.1, PS6.6.2.1"
"R1.3.2.2.2, PS6.6.1"
"R1.3.2.3, PS6.7.2.1.1"
"R1.3.2.3, PS6.7.2.1.2"
"R1.3.2.3, PS6.7.2.1.3"
"R1.3.2.3, PS6.8.1.1.1"
"R1.3.2.3, PS6.8.1.1.2"
"R1.3.2.3, PS6.8.1.1.3"
"R1.3.2.3, PS6.8.1.2"
"R1.3.2.3.1, PS6.7.2.1.1"
"R1.3.2.3.1, PS6.7.2.1.2"
"R1.3.2.3.1, PS6.7.2.1.3"
"R1.3.2.3.1, PS6.8.1.1.1"
"R1.3.2.3.1, PS6.8.1.1.2"
"R1.3.2.3.1, PS6.8.1.1.3"
"R1.3.2.3.1, PS6.8.1.2"
"R1.3.3, PS6.2.5"
"R1.3.3, PS6.6.1"
"R1.3.3, PS6.6.2.1"
"R1.3.3, PS6.6.2.2"
"R1.3.3, PS6.6.2.5"
"R1.3.3, PS6.6.2.6"
"R1.3.3, PS6.6.4"
"R1.3.3, PS6.6.5"
"R1.3.3, PS6.7.2.2"
"R1.3.3, PS6.7.2.3"
"R1.3.3, PS6.8.1.1.1"
"R1.3.3, PS6.8.1.1.2"
"R1.3.3, PS6.8.1.1.3"
"R1.3.3, PS6.8.1.2"
"R1.3.3, PS7.4.1.3"
"R1.3.3, PS7.4.1.4"
"R1.3.3, PS7.4.1.5"
"R1.3.3.1, PS6.2.5"
"R1.3.3.1, PS6.6.1"
"R1.3.3.1, PS6.6.2.1"
"R1.3.3.1, PS6.6.2.2"
"R1.3.3.1, PS6.6.2.5"
"R1.3.3.1, PS6.6.2.6"
"R1.3.3.1, PS6.7.2.1.1"
"R1.3.3.1, PS6.7.2.1.3"
"R1.3.3.1, PS6.7.2.2"
"R1.3.3.1, PS6.7.2.3"
"R1.3.3.1(a), PS6.6.2.5"
"R1.3.3.1(b), PS6.6.1"
"R1.3.3.2, PS6.6.2.1"
"R1.3.3.2, PS6.6.2.2"
"R1.3.3.2, PS6.6.2.6"
"R1.3.3.2, PS6.6.4"
"R1.3.3.2, PS6.6.5"
"R1.3.3.2, PS6.7.2.1.1"
"R1.3.3.2, PS6.7.2.1.2"
"R1.3.3.2, PS6.7.2.1.3"
"R1.3.3.2, PS6.8.1.1.1"
"R1.3.3.2, PS6.8.1.1.2"
"R1.3.3.2, PS6.8.1.1.3"
"R1.3.3.2, PS6.8.1.2"
"R1.3.3.2, PS7.4.1.3"
"R1.3.3.2, PS7.4.1.4"
"R1.3.3.2, PS7.4.1.5"
"R1.3.3.2(a), PS6.6.2.1"
"R1.3.3.2(b), PS6.6.2.1"
"R1.3.3.2.1, PS6.6.2.1"
"R1.3.3.2.1, PS6.6.2.2"
"R1.3.3.2.1, PS6.6.2.6"
"R1.3.3.2.1, PS6.6.4"
"R1.3.3.2.1, PS6.6.5"
"R1.3.3.2.1, PS7.4.1.3"
"R1.3.3.2.1, PS7.4.1.4"
"R1.3.3.2.1, PS7.4.1.5"
"R1.3.3.2.2, PS6.6.2.1"
"R1.3.3.2.2, PS6.6.2.2"
"R1.3.3.2.2, PS6.6.2.6"
"R1.3.3.2.2, PS6.6.4"
"R1.3.3.2.2, PS6.6.5"
"R1.3.3.2.2, PS6.7.2.1.1"
"R1.3.3.2.2, PS6.7.2.1.2"
"R1.3.3.2.2, PS6.7.2.1.3"
"R1.3.3.2.2, PS6.8.1.1.1"
"R1.3.3.2.2, PS6.8.1.1.2"
"R1.3.3.2.2, PS6.8.1.1.3"
"R1.3.3.2.2, PS6.8.1.2"
"R1.3.3.3, PS6.6.2.1"
"R1.3.3.3, PS6.6.2.2"
"R1.3.3.3, PS6.6.2.6"
"R1.3.3.3, PS6.7.2.1.1"
"R1.3.3.3, PS6.7.2.1.2"
"R1.3.3.3, PS6.7.2.1.3"
"R1.3.3.3, PS6.8.1.1.1"
"R1.3.3.3, PS6.8.1.1.2"
"R1.3.3.3, PS6.8.1.1.3"
"R1.3.3.3, PS6.8.1.2"
"R1.3.4, PS6.2.2"
"R1.3.4, PS6.6.2.1"
"R1.3.4, PS6.6.2.2"
"R1.3.4, PS6.6.2.5"
"R1.3.4, PS6.6.2.6"
"R1.3.4, PS6.6.4"
"R1.3.4, PS6.6.5"
"R1.3.4, PS6.7.2.1.1"
"R1.3.4, PS6.7.2.1.2"
"R1.3.4, PS6.7.2.1.3"
"R1.3.4, PS6.7.2.2"
"R1.3.4, PS6.7.2.3"
"R1.3.4, PS6.8.1.1.1"
"R1.3.4, PS6.8.1.1.2"
"R1.3.4, PS6.8.1.1.3"
"R1.3.4, PS6.8.1.2"
"R1.3.4, PS6.8.3.3"
"R1.3.4, PS6.8.3.4"
"R1.3.4.1, PS6.6.2.5"
"R1.3.4.1, PS6.7.2.3"
"R1.3.4.1, PS6.8.1.1.1"
"R1.3.4.1, PS6.8.3.3"
"R1.3.4.1, PS6.8.3.4"
"R1.3.4.1(a), PS6.6.2.5"
"R1.3.4.1(b), PS6.8.3.3"
"R1.3.4.1(b), PS6.8.3.4"
"R1.3.4.1(c), PS6.8.3.3"
"R1.3.4.1(c), PS6.8.3.4"
"R1.3.4.1(d), PS6.7.2.3"
"R1.3.4.1(d), PS6.8.1.1.1"
"R1.3.4.1(e), PS6.7.2.3"
"R1.3.4.1(e), PS6.8.1.1.1"
"R1.3.4.2, PS6.2.2"
"R1.3.4.2, PS6.6.1"
"R1.3.4.2, PS6.6.2.1"
"R1.3.4.2, PS6.6.2.2"
"R1.3.4.2, PS6.6.2.6"
"R1.3.4.2, PS6.7.2.1.1"
"R1.3.4.2, PS6.7.2.1.2"
"R1.3.4.2, PS6.7.2.1.3"
"R1.3.4.2, PS6.7.2.2"
"R1.3.4.2, PS6.7.2.3"
"R1.3.4.2, PS6.8.1.1.1"
"R1.3.4.2, PS6.8.1.1.2"
"R1.3.4.2, PS6.8.1.1.3"
"R1.3.4.2, PS6.8.1.2"
"R1.3.4.2.1, PS"
"R1.3.4.2.1, PS6.6.1"
"R1.3.4.2.1, PS6.7.2.1.1"
"R1.3.4.2.1, PS6.7.2.1.2"
"R1.3.4.2.1, PS6.7.2.1.3"
"R1.3.4.2.1, PS6.7.2.2"
"R1.3.4.2.1, PS6.7.2.3"
"R1.3.4.2.1, PS6.8.1.1.1"
"R1.3.4.2.1, PS6.8.1.1.2"
"R1.3.4.2.2, PS"
"R1.3.4.2.2, PS"
"R1.3.4.2.2, PS"
"R1.3.4.2.2, PS"
"R1.3.4.2.2, PS"
"R1.3.4.2.2, PS"
"R1.3.4.2.2, PS"
"R1.3.4.2.2, PS"
"R1.3.4.2.2, PS"
"R1.3.4.2.2, PS"
"R1.3.4.2.2(a), PS"
"R1.3.4.2.2(b), PS"
"R1.3.4.3, PS"
"R1.3.4.3, PS"
"R1.3.4.3, PS"
"R1.3.4.3, PS"
"R1.3.4.3, PS"
"R1.3.4.3, PS"
"R1.3.4.3, PS"
"R1.3.4.3, PS"
"R1.3.4.3, PS"
"R1.3.4.3, PS"
"R1.3.4.3, PS"
"R1.3.4.3, PS"
"R1.3.4.3, PS"
"R1.3.4.3, PS"
"R1.3.4.3, PS"
"R1.3.4.3.1, PS"
"R1.3.4.3.1, PS"
"R1.3.4.3.1, PS"
"R1.3.4.3.1, PS"
R1.4
R1.4
"R1.4.0, PS"
"R1.4.0, PS"
"R1.4.0, PS"
"R1.4.0, PS"
"R1.4.0, PS"
"R1.4.0, PS"
"R1.4.0, PS"
"R1.4.0, PS"
"R1.4.0, PS"
"R1.4.0, PS"
"R1.4.0, PS"
"R1.4.0, PS"
"R1.4.0, PS"
"R1.4.0, PS"
"R1.4.1, PS"
"R1.4.1, PS"
"R1.4.1, PS"
"R1.4.1, PS"
"R1.4.1, PS"
"R1.4.1, PS6.4.2"
"R1.4.1, PS6.4.3"
"R1.4.1, PS6.8.3.1"
"R1.4.1, PS6.8.3.2"
"R1.4.1, PS6.8.3.3"
"R1.4.1.1, PS6.1.2"
"R1.4.1.1, PS6.3.1"
"R1.4.1.1, PS6.3.3"
"R1.4.1.1, PS6.8.3.1"
"R1.4.1.1, PS6.8.3.3"
"R1.4.1.1(a), PS6.3.1"
"R1.4.1.1(a), PS6.3.3"
"R1.4.1.1(b), PS6.3.1"
"R1.4.1.1(b), PS6.3.3"
"R1.4.1.2, PS6.1.2"
"R1.4.1.2, PS6.3.1"
"R1.4.1.2, PS6.3.3"
"R1.4.1.2, PS6.4.2"
"R1.4.1.2, PS6.8.3.1"
"R1.4.1.2, PS6.8.3.3"
"R1.4.1.2(a), PS6.1.2"
"R1.4.1.2(b), PS6.3.1"
"R1.4.1.2(b), PS6.8.3.1"
"R1.4.1.2(c), PS6.3.1"
"R1.4.1.2(c), PS6.8.3.1"
"R1.4.1.2(d), PS6.3.1"
"R1.4.1.2(e), PS6.3.1"
"R1.4.1.3, PS6.1.1"
"R1.4.1.3, PS6.1.2"
"R1.4.1.3, PS6.3.1"
"R1.4.1.3, PS6.3.2"
"R1.4.1.3, PS6.3.3"
"R1.4.1.3, PS6.4.2"
"R1.4.1.3, PS6.4.3"
"R1.4.1.3, PS6.8.3.1"
"R1.4.1.3, PS6.8.3.2"
"R1.4.1.3, PS6.8.3.3"
"R1.4.1.4, PS6.1.2"
"R1.4.1.4, PS6.3.3"
"R1.4.1.4, PS6.4.1"
"R1.4.1.4, PS6.4.2"
"R1.4.1.4, PS6.4.3"
"R1.4.1.4, PS6.8.3.3"
"R1.4.2, PS6.1.2"
"R1.4.2, PS6.4.1"
"R1.4.2, PS7.4.1.1"
"R1.4.2, PS7.4.2"
"R1.4.2.1, PS6.1.2"
"R1.4.2.1, PS6.4.1"
"R1.4.2.1, PS7.4.1.1"
"R1.4.2.2, PS6.4.1"
"R1.4.2.2, PS9"
"R1.4.2.3, PS7.4.2"
"R1.4.2.4, PS7.4.1.1"
"R1.4.3, PS6.1.1"
"R1.4.3, PS6.1.2"
"R1.4.3, PS6.4.2"
"R1.4.3, PS6.6.1"
"R1.4.3, PS6.6.4"
"R1.4.3, PS7.4.1.1"
"R1.4.3, PS7.4.2"
"R1.4.3.1, PS6.1.1"
"R1.4.3.2, PS6.1.2"
"R1.4.3.2, PS7.4.1.1"
"R1.4.3.3, PS6.1.1"
"R1.4.3.3, PS6.6.1"
"R1.4.3.3, PS6.6.4"
"R1.4.3.3(a), PS6.1.1"
"R1.4.3.3(b), PS6.1.1"
"R1.4.3.3(c), PS6.1.1"
"R1.4.3.4, PS6.4.2"
"R1.4.3.5, PS7.4.2"
"R1.4.3.6, PS7.4.2"
"R1.4.4.3(d), PS6.1.1"
"R1.4.4.3(e), PS6.1.1"
"R1.4.4.3(f), PS6.1.1"
"R1.4.4.3(f), PS6.6.1"
"R1.4.4.3(g), PS6.6.1"
"R1.5, PS1.2.5.6"
"R1.5, PS6.2.1.1"
"R1.5, PS6.2.5"
"R1.5, PS6.3.3"
"R1.5, PS6.3.4"
"R1.5, PS6.8.1.1.3"
"R1.5, PS6.8.3.3"
"R1.5, PS6.8.3.4"
"R1.5.0, PS1.2.5.6"
"R1.5.0, PS6.1.1"
"R1.5.0, PS6.1.2"
"R1.5.0, PS6.2.1.2"
"R1.5.0, PS6.2.1.4"
"R1.5.0, PS6.2.3"
"R1.5.0, PS6.2.4"
"R1.5.0, PS6.2.6"
"R1.5.0, PS6.3.1"
"R1.5.0, PS6.3.2"
"R1.5.0, PS6.5.1"
"R1.5.0, PS6.5.2"
"R1.5.0, PS6.8.1.5"
"R1.5.0, PS6.8.3.1"
"R1.5.0, PS6.8.3.2"
"R1.5.1, PS6.1.2"
"R1.5.1, PS6.2.1.2"
"R1.5.1, PS6.2.1.4"
"R1.5.1, PS6.2.6"
"R1.5.1, PS6.5.1"
"R1.5.1.1, PS6.2.1.2"
"R1.5.1.1, PS6.2.1.4"
"R1.5.1.1, PS6.2.6"
"R1.5.1.1, PS6.5.1"
"R1.5.1.2, PS6.2.1.2"
"R1.5.1.2, PS6.2.1.4"
"R1.5.1.2, PS6.2.6"
"R1.5.1.2, PS6.5.1"
"R1.5.1.2.1, PS6.2.1.2"
"R1.5.1.2.1, PS6.2.1.4"
"R1.5.1.2.1, PS6.2.6"
"R1.5.1.2.2, PS6.2.1.2"
"R1.5.1.2.2, PS6.2.1.4"
"R1.5.1.2.2, PS6.2.6"
"R1.5.1.2.3, PS6.2.1.2"
"R1.5.1.2.3, PS6.2.1.4"
"R1.5.1.2.3, PS6.2.6"
"R1.5.1.2.4, PS6.2.1.2"
"R1.5.1.2.4, PS6.2.1.4"
"R1.5.1.2.4, PS6.2.6"
"R1.5.1.2.5, PS6.2.1.2"
"R1.5.1.2.5, PS6.2.1.4"
"R1.5.1.2.5, PS6.2.6"
"R1.5.1.3, PS6.2.1.2"
"R1.5.1.3, PS6.2.1.4"
"R1.5.1.3, PS6.2.6"
"R1.5.1.3, PS6.5.1"
"R1.5.1.3, PS6.5.2"
"R1.5.1.4, PS6.1.2"
"R1.5.1.4, PS6.2.1.2"
"R1.5.1.4, PS6.2.1.4"
"R1.5.1.4, PS6.2.6"
"R1.5.1.5, PS6.2.1.2"
"R1.5.1.5, PS6.2.1.4"
"R1.5.1.5, PS6.2.6"
"R1.5.1.5, PS6.5.2"
"R1.5.2, PS1.2.4.1"
"R1.5.2, PS1.2.4.2"
"R1.5.2, PS1.2.5.6"
"R1.5.2, PS1.2.7.1"
"R1.5.2, PS1.2.7.5"
"R1.5.2, PS6.1.1"
"R1.5.2, PS6.2.1.1"
"R1.5.2, PS6.2.1.2"
"R1.5.2, PS6.2.1.4"
"R1.5.2, PS6.2.3"
"R1.5.2, PS6.2.4"
"R1.5.2, PS6.2.5"
"R1.5.2, PS6.2.6"
"R1.5.2, PS6.3.1"
"R1.5.2, PS6.3.2"
"R1.5.2, PS6.3.3"
"R1.5.2, PS6.3.4"
"R1.5.2, PS6.8.1.1.3"
"R1.5.2, PS6.8.1.5"
"R1.5.2, PS6.8.3.1"
"R1.5.2, PS6.8.3.2"
"R1.5.2, PS6.8.3.3"
"R1.5.2, PS6.8.3.4"
"R1.5.2.1, PS6.2.1.2"
"R1.5.2.1, PS6.2.1.4"
"R1.5.2.1, PS6.2.3"
"R1.5.2.1, PS6.2.6"
"R1.5.2.1, PS6.3.2"
"R1.5.2.1, PS6.8.1.5"
"R1.5.2.1, PS6.8.3.2"
"R1.5.2.2, PS1.2.5.6"
"R1.5.2.2, PS6.1.1"
"R1.5.2.2, PS6.2.1.2"
"R1.5.2.2, PS6.2.1.4"
"R1.5.2.2, PS6.2.3"
"R1.5.2.2, PS6.2.4"
"R1.5.2.2, PS6.2.6"
"R1.5.2.2, PS6.3.2"
"R1.5.2.2, PS6.5.2"
"R1.5.2.2, PS6.8.1.5"
"R1.5.2.2, PS6.8.3.2"
"R1.5.2.2(a), PS6.2.6"
"R1.5.2.2(a), PS6.5.2"
"R1.5.2.2(b), PS6.2.4"
"R1.5.2.2(b), PS6.2.6"
"R1.5.2.2(b), PS6.5.2"
"R1.5.2.2(c), PS1.2.5.6"
"R1.5.2.2(d), PS6.1.1"
"R1.5.2.2(e), PS6.1.1"
"R1.5.2.2(f), PS6.1.1"
"R1.5.2.2(g), PS6.1.1"
"R1.5.2.2(g), PS6.2.4"
"R1.5.2.2(h), PS6.1.1"
"R1.5.2.2(h), PS6.2.6"
"R1.5.2.2(h), PS6.5.2"
"R1.5.2.3, PS6.2.1.2"
"R1.5.2.3, PS6.2.1.4"
"R1.5.2.3, PS6.2.3"
"R1.5.2.3, PS6.2.6"
"R1.5.2.3, PS6.5.2"
"R1.5.2.3, PS6.8.1.5"
"R1.5.2.3(a), PS6.2.6"
"R1.5.2.3(a), PS6.5.2"
"R1.5.2.3(b), PS6.5.2"
"R1.5.2.4, PS6.2.1.2"
"R1.5.2.4, PS6.5.2"
"R1.5.2.5, PS1.2.4.1"
"R1.5.2.5, PS1.2.4.2"
"R1.5.2.5, PS1.2.7.1"
"R1.5.2.5, PS1.2.7.5"
"R1.5.2.5, PS6.2.5"
"R1.5.2.5, PS6.3.3"
"R1.5.2.5, PS6.3.4"
"R1.5.2.5, PS6.8.1.1.3"
"R1.5.2.5, PS6.8.3.3"
"R1.5.2.5, PS6.8.3.4"
"R1.5.2.5(a), PS1.2.4.1"
"R1.5.2.5(a), PS1.2.4.2"
"R1.5.2.5(a), PS1.2.7.1"
"R1.5.2.5(a), PS1.2.7.5"
"R1.5.2.5(b), PS6.8.3.3"
"R1.5.2.5(c), PS6.8.3.3"
"R1.5.2.5(c), PS6.8.3.4"
"R1.5.2.5(d), PS6.2.1.1"
"R1.5.2.5(d), PS6.8.1.1.3"
"R1.5.2.5(d), PS6.8.3.3"
"R1.5.2.5(d), PS6.8.3.4"
"R1.5.2.5(e), PS6.2.5"
"R1.5.2.5(f), PS6.3.3"
"R1.5.2.5(f), PS6.3.4"
"R1.5.2.5(g), PS6.2.1.1"
"R1.5.2.5(g), PS6.8.1.1.3"
"R1.5.2.6, PS6.3.1"
"R1.5.2.6, PS6.3.2"
"R1.5.2.6, PS6.3.3"
"R1.5.2.6(a), PS6.3.2"
"R1.5.2.6(b), PS6.3.1"
"R1.5.2.6(b), PS6.3.2"
"R1.5.2.6(b), PS6.3.3"
"R1.5.2.6(c), PS6.3.3"
"R1.5.2.6(d), PS6.3.3"
"R1.5.2.6(e), PS6.3.2"
"R1.5.2.6(e), PS6.3.3"
"R1.6, PS1.1.1.1"
"R1.6, PS1.1.2.1"
"R1.6, PS1.1.2.2"
"R1.6, PS1.1.2.3"
"R1.6, PS1.1.2.4"
"R1.6, PS1.1.2.5"
"R1.6, PS1.1.2.6"
"R1.6, PS1.1.3"
"R1.6, PS1.1.4.1"
"R1.6, PS1.1.4.2"
"R1.6, PS1.1.4.3"
"R1.6, PS1.1.4.4"
"R1.6, PS1.1.4.6"
"R1.6, PS1.1.5"
"R1.6, PS1.1.6"
"R1.6, PS1.1.7"
"R1.6, PS1.2.1"
"R1.6, PS1.2.2.1"
"R1.6, PS1.2.2.2"
"R1.6, PS1.2.3"
"R1.6, PS1.2.4.2"
"R1.6, PS1.2.4.3"
"R1.6, PS1.2.5.1"
"R1.6, PS1.2.6.1"
"R1.6, PS1.2.6.2"
"R1.6, PS1.2.7.1"
"R1.6, PS1.2.7.5"
"R1.6, PS1.2.7.7"
"R1.6, PS3.1.3"
"R1.6, PS5.3.2"
"R1.6, PS5.3.7"
"R1.6, PS5.4.1"
"R1.6, PS6.1.1"
"R1.6, PS6.1.4"
"R1.6.0, PS1.1.2.1"
"R1.6.0, PS1.1.2.2"
"R1.6.0, PS1.1.2.3"
"R1.6.0, PS1.1.3"
"R1.6.0, PS1.1.4.1"
"R1.6.0, PS1.1.4.2"
"R1.6.0, PS1.1.4.4"
"R1.6.0, PS1.1.4.6"
"R1.6.0, PS1.1.5"
"R1.6.0, PS1.2.1"
"R1.6.0, PS1.2.2.1"
"R1.6.0, PS1.2.2.2"
"R1.6.0, PS1.2.3"
"R1.6.0, PS1.2.4.1"
"R1.6.0, PS1.2.4.2"
"R1.6.0, PS1.2.4.3"
"R1.6.0, PS1.2.5.1"
"R1.6.0, PS1.2.6.1"
"R1.6.0, PS1.2.6.2"
"R1.6.0, PS1.2.7.1"
"R1.6.0, PS1.2.7.5"
"R1.6.0, PS5.4.1"
"R1.6.1, PS1.1.4.2"
"R1.6.1, PS1.1.4.3"
"R1.6.1, PS1.2.2.1"
"R1.6.1, PS1.2.2.2"
"R1.6.1, PS1.2.3"
"R1.6.1.1, PS1.2.2.1"
"R1.6.1.1, PS1.2.2.2"
"R1.6.1.1, PS1.2.3"
"R1.6.1.1.1, PS1.2.2.1"
"R1.6.1.1.1, PS1.2.2.2"
"R1.6.1.1.2, PS1.2.2.1"
"R1.6.1.1.2, PS1.2.2.2"
"R1.6.1.1.2, PS1.2.3"
"R1.6.1.1.3, PS1.2.2.1"
"R1.6.1.1.3, PS1.2.2.2"
"R1.6.1.1.4, PS1.2.2.1"
"R1.6.1.1.4, PS1.2.2.2"
"R1.6.1.1.5, PS1.2.2.2"
"R1.6.1.2, PS1.2.2.1"
"R1.6.1.2, PS1.2.2.2"
"R1.6.1.2, PS1.2.3"
"R1.6.1.2.1, PS1.2.2.1"
"R1.6.1.2.1, PS1.2.2.2"
"R1.6.1.2.1, PS1.2.3"
"R1.6.1.2.1, PS1.2.4.1"
"R1.6.1.2.1, PS1.2.4.2"
"R1.6.1.2.1, PS1.2.4.3"
"R1.6.1.2.2, PS1.2.2.1"
"R1.6.1.2.2, PS1.2.2.2"
"R1.6.1.2.3, PS1.2.2.1"
"R1.6.1.2.3, PS1.2.2.2"
"R1.6.1.2.3, PS1.2.3"
"R1.6.1.3, PS1.2.2.1"
"R1.6.1.3, PS1.2.2.2"
"R1.6.1.4, PS1.2.2.1"
"R1.6.1.4, PS1.2.2.2"
"R1.6.1.4, PS1.2.4.1"
"R1.6.1.4, PS1.2.4.2"
"R1.6.1.4, PS1.2.4.3"
"R1.6.1.4.1, PS1.2.2.1"
"R1.6.1.4.1, PS1.2.2.2"
"R1.6.1.5, PS1.2.2.1"
"R1.6.1.5, PS1.2.2.2"
"R1.6.1.6, PS1.2.2.1"
"R1.6.1.6, PS1.2.2.2"
"R1.6.1.7, PS1.1.4.2"
"R1.6.1.7, PS1.1.4.3"
"R1.6.1.7, PS1.2.2.1"
"R1.6.1.7, PS1.2.2.2"
"R1.6.1.7(a), PS1.1.4.2"
"R1.6.1.7(a), PS1.1.4.3"
"R1.6.1.7(b), PS1.2.2.1"
"R1.6.1.7(b), PS1.2.2.2"
"R1.6.2, PS1.1.1.1"
"R1.6.2, PS1.1.2.1"
"R1.6.2, PS1.1.2.2"
"R1.6.2, PS1.1.2.3"
"R1.6.2, PS1.1.2.5"
"R1.6.2, PS1.1.2.6"
"R1.6.2, PS1.1.3"
"R1.6.2, PS1.1.5"
"R1.6.2, PS1.1.6"
"R1.6.2, PS1.1.7"
"R1.6.2, PS1.2.4.1"
"R1.6.2, PS1.2.4.2"
"R1.6.2, PS1.2.4.3"
"R1.6.2, PS1.2.7.7"
"R1.6.2, PS5.4.1"
"R1.6.2.1, PS1.1.1.1"
"R1.6.2.1.1, PS1.1.1.1"
"R1.6.2.2, PS1.1.2.2"
"R1.6.2.2, PS1.1.2.5"
"R1.6.2.2, PS1.1.2.6"
"R1.6.2.2, PS1.1.6"
"R1.6.2.2, PS1.1.7"
"R1.6.2.2, PS1.2.7.7"
"R1.6.2.2.1, PS1.1.1.1"
"R1.6.2.2.1, PS1.1.2.2"
"R1.6.2.3, PS1.1.1.1"
"R1.6.2.3, PS1.1.2.2"
"R1.6.2.3, PS1.1.2.6"
"R1.6.2.3, PS1.1.7"
"R1.6.2.3, PS1.2.7.7"
"R1.6.2.3.1, PS1.1.1.1"
"R1.6.2.3.1, PS1.1.2.6"
"R1.6.2.3.1, PS1.1.7"
"R1.6.2.3.1, PS1.2.7.7"
"R1.6.2.3.2, PS1.1.2.2"
"R1.6.2.3.2, PS1.1.2.6"
"R1.6.2.3.2, PS1.1.7"
"R1.6.2.3.2, PS1.2.7.7"
"R1.6.2.4, PS1.1.1.1"
"R1.6.2.4, PS1.1.2.2"
"R1.6.2.4, PS1.1.2.3"
"R1.6.2.4, PS1.1.2.5"
"R1.6.2.4, PS1.1.2.6"
"R1.6.2.4, PS1.1.6"
"R1.6.2.4, PS1.1.7"
"R1.6.2.4, PS1.2.7.7"
"R1.6.2.4, PS5.4.1"
"R1.6.2.4.1, PS1.1.2.2"
"R1.6.2.4.1, PS1.1.2.3"
"R1.6.2.4.1, PS1.1.2.5"
"R1.6.2.4.1, PS1.1.6"
"R1.6.2.4.1, PS1.2.7.7"
"R1.6.2.4.1, PS5.4.1"
"R1.6.2.5, PS1.1.2.1"
"R1.6.2.5, PS1.1.2.6"
"R1.6.2.5, PS1.1.3"
"R1.6.2.5, PS1.1.5"
"R1.6.2.5, PS1.1.7"
"R1.6.2.5, PS1.2.7.7"
"R1.6.2.5.1, PS1.1.2.1"
"R1.6.2.5.1, PS1.1.2.5"
"R1.6.2.5.1, PS1.1.6"
"R1.6.2.5.2, PS1.1.3"
"R1.6.2.5.2, PS1.1.5"
"R1.6.3, PS1.2.2.1, PS"
"R1.6.3, PS1.2.2.2, PS"
"R1.6.3, PS1.2.4.1, PS"
"R1.6.3, PS1.2.4.2, PS"
"R1.6.3, PS1.2.4.3, PS"
"R1.6.3, PS1.2.7.1, PS"
"R1.6.3, PS1.2.7.5, PS"
"R1.6.3, PS5.3.2, PS"
"R1.6.3, PS5.3.7, PS"
"R1.6.3, PS5.4.1, PS"
"R1.6.3, PS1.1.2.4"
"R1.6.3, PS1.1.4.1"
"R1.6.3, PS1.1.4.2"
"R1.6.3, PS1.1.4.4"
"R1.6.3, PS1.1.4.6"
"R1.6.3, PS1.1.5"
"R1.6.3.1, PS1.2.2.1, PS"
"R1.6.3.1, PS1.2.2.2, PS"
"R1.6.3.2, PS1.2.2.1, PS"
"R1.6.3.2, PS1.2.2.2, PS"
"R1.6.3.2, PS5.3.2, PS"
"R1.6.3.2, PS5.3.7, PS"
"R1.6.3.2, PS5.4.1, PS"
"R1.6.3.2.1, PS1.2.2.1, PS"
"R1.6.3.2.1, PS1.2.2.2, PS"
"R1.6.3.2.2, PS1.2.2.2, PS"
"R1.6.3.2.2, PS5.3.2, PS"
"R1.6.3.2.2, PS5.3.7, PS"
"R1.6.3.2.2, PS5.4.1, PS"
"R1.6.3.2.2(a), PS1.2.2.1, PS"
"R1.6.3.2.2(b), PS5.4.1, PS"
"R1.6.3.2.2(c), PS5.3.2, PS"
"R1.6.3.2.2(c), PS5.3.7, PS"
"R1.6.3.3, PS1.2.2.1, PS"
"R1.6.3.3, PS1.2.2.2, PS"
"R1.6.3.3, PS1.2.4.1, PS"
"R1.6.3.3, PS1.2.4.2, PS"
"R1.6.3.3, PS1.2.4.3, PS"
"R1.6.3.3, PS1.2.7.1, PS"
"R1.6.3.3, PS1.2.7.5, PS"
"R1.6.3.3.1, PS1.2.2.1, PS"
"R1.6.3.3.1, PS1.2.2.2, PS"
"R1.6.3.3.1, PS1.2.4.1, PS"
"R1.6.3.3.1, PS1.2.4.2, PS"
"R1.6.3.3.1, PS1.2.4.3, PS"
"R1.6.3.3.1, PS1.2.7.1, PS"
"R1.6.3.3.2, PS1.2.2.1, PS"
"R1.6.3.3.2, PS1.2.2.2, PS"
"R1.6.3.3.2, PS1.2.4.1, PS"
"R1.6.3.3.2, PS1.2.4.2, PS"
"R1.6.3.3.2, PS1.2.4.3, PS"
"R1.6.3.3.2, PS1.2.7.1, PS"
"R1.6.3.3.2, PS1.2.7.5, PS"
"R1.6.3.3.3, PS1.2.2.1, PS"
"R1.6.3.3.3, PS1.2.2.2, PS"
"R1.6.3.3.3, PS1.2.4.1, PS"
"R1.6.3.3.3, PS1.2.4.2, PS"
"R1.6.3.3.3, PS1.2.4.3, PS"
"R1.6.3.3.3, PS1.2.7.5, PS"
"R1.6.3.3.4, PS1.2.2.2"
"R1.6.3.3.4, PS1.2.4.1"
"R1.6.3.3.4, PS1.2.4.2"
"R1.6.3.3.4, PS1.2.4.3"
"R1.6.3.3.4, PS1.2.7.1"
"R1.6.3.4, PS1.1.2.4"
"R1.6.3.4, PS1.1.4.1"
"R1.6.3.4, PS1.1.4.6"
"R1.6.3.4, PS1.2.4.1"
"R1.6.3.4, PS1.2.4.2"
"R1.6.3.4, PS1.2.4.3"
"R1.6.3.4, PS1.2.7.1"
"R1.6.3.4, PS1.2.7.5"
"R1.6.3.4(a), PS1.2.4.1"
"R1.6.3.4(a), PS1.2.7.1"
"R1.6.3.4(b), PS1.2.7.5"
"R1.6.3.4(c), PS1.2.7.5"
"R1.6.3.4(d), PS1.1.2.4"
"R1.6.3.4(e), PS1.1.4.2"
"R1.6.3.4(e), PS1.1.4.4"
"R1.6.3.4.1, PS1.1.4.1"
"R1.6.3.4.1, PS1.1.4.6"
"R1.6.3.4.1, PS1.2.4.1"
"R1.6.3.4.1, PS1.2.4.2"
"R1.6.3.4.1, PS1.2.4.3"
"R1.6.3.5, PS1.2.1"
"R1.6.3.6, PS1.1.5"
"R1.6.3.6, PS1.2.1"
"R1.6.4, PS1.1.4.1"
"R1.6.4, PS1.1.5"
"R1.6.4, PS3.1.3"
"R1.6.4, PS6.1.1"
"R1.6.4, PS6.1.4"
"R1.6.4(a), PS1.1.4.1"
"R1.6.4(a), PS1.1.5"
"R1.6.4(a), PS3.1.3"
"R1.6.4(b), PS1.1.4.1"
"R1.6.4(b), PS6.1.1"
"R1.6.4(b), PS6.1.4"
"R1.6.4(c), PS1.1.4.1"
"R1.6.4(c), PS6.1.1"
"R1.6.4(c), PS6.1.4"
"R1.6.4(d), PS1.1.4.1"
"R1.7, PS1.1.1.1"
"R1.7, PS1.1.1.3"
"R1.7, PS1.1.2.2"
"R1.7, PS1.1.2.4"
"R1.7, PS1.1.2.7"
"R1.7, PS1.1.4.3"
"R1.7, PS1.2.5.2"
"R1.7, PS1.2.5.3"
"R1.7, PS1.2.5.4"
"R1.7, PS1.2.7.2"
"R1.7, PS1.2.8.1, PS"
"R1.7, PS1.2.8.2, PS"
"R1.7, PS1.2.8.3, PS"
"R1.7, PS1.2.8.4, PS"
"R1.7, PS1.3.1.1, PS"
"R1.7, PS1.3.1.3, PS"
"R1.7, PS1.3.2.1, PS"
"R1.7, PS1.3.2.2, PS"
"R1.7, PS1.3.2.3, PS"
"R1.7, PS1.3.2.4, PS"
"R1.7, PS1.3.2.5, PS"
"R1.7, PS1.3.3, PS"
"R1.7, PS1.3.4.1, PS"
"R1.7, PS1.3.4.2, PS"
"R1.7, PS1.3.4.3, PS"
"R1.7, PS1.3.4.4, PS"
"R1.7, PS1.3.4.5, PS"
"R1.7, PS1.3.5, PS"
"R1.7, PS1.3.6, PS"
"R1.7, PS1.3.7, PS"
"R1.7, PS6.1.1, PS"
"R1.7, PS6.5.1, PS"
"R1.7.0, PS1.1.2.4, PS"
"R1.7.0, PS1.1.2.7, PS"
"R1.7.0, PS1.1.4.3, PS"
"R1.7.0, PS1.2.5.2, PS"
"R1.7.0, PS1.2.5.3, PS"
"R1.7.0, PS1.2.5.4, PS"
"R1.7.0, PS1.2.7.2, PS"
"R1.7.0, PS1.2.7.4, PS"
"R1.7.0, PS1.2.8.1, PS"
"R1.7.0, PS1.2.8.2, PS"
"R1.7.0, PS1.2.8.3, PS"
"R1.7.0, PS1.2.8.4, PS"
"R1.7.0, PS1.3.1.1, PS"
"R1.7.0, PS1.3.2.1, PS"
"R1.7.0, PS1.3.2.2, PS"
"R1.7.0, PS1.3.2.3, PS"
"R1.7.0, PS1.3.2.4, PS"
"R1.7.0, PS1.3.2.5, PS"
"R1.7.0, PS1.3.3, PS"
"R1.7.0, PS1.3.4.1, PS"
"R1.7.0, PS1.3.4.2, PS"
"R1.7.0, PS1.3.4.3, PS"
"R1.7.0, PS1.3.4.4, PS"
"R1.7.0, PS1.3.4.5, PS"
"R1.7.0, PS1.3.5, PS"
"R1.7.0, PS1.3.6, PS"
"R1.7.0, PS1.3.7, PS"
"R1.7.0, PS4.4.1.8, PS"
"R1.7.0, PS6.5.3, PS"
"R1.7.0, PS6.6.2.3, PS"
"R1.7.1, PS1.1.1.1, PS"
"R1.7.1, PS1.1.2.2"
"R1.7.1, PS1.1.2.7"
"R1.7.1, PS1.3.1.1"
"R1.7.1, PS1.3.1.3"
"R1.7.1, PS1.3.2.1"
"R1.7.1, PS1.3.2.2"
"R1.7.1, PS1.3.2.3"
"R1.7.1, PS1.3.3"
"R1.7.1, PS1.3.4.1"
"R1.7.1, PS1.3.4.3"
"R1.7.1, PS1.3.4.5"
"R1.7.1, PS4.4.1.8"
"R1.7.1, PS6.1.1"
"R1.7.1, PS6.5.1"
"R1.7.1.1, PS1.1.1.1"
"R1.7.1.1, PS1.1.1.3"
"R1.7.1.1, PS1.1.2.2"
"R1.7.1.1, PS1.1.2.7"
"R1.7.1.1, PS1.3.2.1"
"R1.7.1.1, PS1.3.2.2"
"R1.7.1.1, PS1.3.4.3"
"R1.7.1.1, PS1.3.4.5"
"R1.7.1.1, PS6.1.1"
"R1.7.1.1, PS6.5.1"
"R1.7.1.1.1, PS1.1.1.1"
"R1.7.1.1.1, PS1.1.1.3"
"R1.7.1.1.1, PS1.1.2.2"
"R1.7.1.1.1, PS1.1.2.7"
"R1.7.1.1.1, PS1.3.2.1"
"R1.7.1.1.1, PS1.3.2.2"
"R1.7.1.1.1, PS1.3.4.3"
"R1.7.1.1.1, PS1.3.4.5"
"R1.7.1.1.1, PS6.1.1"
"R1.7.1.1.1, PS6.5.1"
"R1.7.1.1.1(a), PS1.1.1.1"
"R1.7.1.1.1(a), PS1.1.1.3"
"R1.7.1.1.1(a), PS1.1.2.2"
"R1.7.1.1.1(a), PS1.1.2.7"
"R1.7.1.1.1(a), PS1.3.2.2"
"R1.7.1.1.1(b), PS1.1.1.3"
"R1.7.1.1.1(b), PS1.3.2.2"
"R1.7.1.1.1(c), PS1.3.2.2"
"R1.7.1.1.1(c), PS1.3.4.5"
"R1.7.1.1.1(d), PS1.3.2.2"
"R1.7.1.1.1(d), PS1.3.4.3"
"R1.7.1.1.1(e), PS1.3.2.2"
"R1.7.1.1.1(e), PS6.5.1"
"R1.7.1.1.1(f), PS1.3.2.2"
"R1.7.1.1.1(f), PS6.1.1"
"R1.7.1.1.1(g), PS1.1.1.3"
"R1.7.1.1.1(g), PS1.3.2.2"
"R1.7.1.1.1(g), PS6.1.1"
"R1.7.1.1.1(h), PS1.3.2.2"
"R1.7.1.1.2(a), PS1.3.2.1"
"R1.7.1.1.2(b), PS1.3.2.1"
"R1.7.1.1.2(c), PS1.3.2.1"
"R1.7.1.1.2(d), PS1.3.2.1"
"R1.7.1.1.2(e), PS1.3.2.1"
"R1.7.1.1.3, PS1.3.2.1"
"R1.7.1.2, PS1.1.1.3"
"R1.7.1.2, PS1.3.1.1"
"R1.7.1.2, PS1.3.1.3"
"R1.7.1.2, PS1.3.2.1"
"R1.7.1.2, PS1.3.2.2"
"R1.7.1.2, PS1.3.2.3"
"R1.7.1.2, PS1.3.3"
"R1.7.1.2, PS1.3.4.1"
"R1.7.1.2, PS1.3.4.5"
"R1.7.1.2, PS4.4.1.8"
"R1.7.1.2.1, PS1.1.1.3"
"R1.7.1.2.1, PS1.3.1.1"
"R1.7.1.2.1, PS1.3.2.1"
"R1.7.1.2.1, PS1.3.2.2"
"R1.7.1.2.1, PS1.3.4.1"
"R1.7.1.2.1, PS4.4.1.8"
"R1.7.1.2.1(a), PS1.3.2.2"
"R1.7.1.2.1(b), PS1.1.1.3"
"R1.7.1.2.1(b), PS1.3.2.2"
"R1.7.1.2.1(c), PS1.3.2.2"
"R1.7.1.2.1(c), PS1.3.4.1"
"R1.7.1.2.1(d), PS1.3.2.2"
"R1.7.1.2.1(d), PS1.3.4.1"
"R1.7.1.2.1(e), PS1.3.1.1"
"R1.7.1.2.1(e), PS1.3.2.1"
"R1.7.1.2.1(e), PS1.3.2.2"
"R1.7.1.2.1(f), PS1.3.2.2"
"R1.7.1.2.1(f), PS1.3.4.1"
"R1.7.1.2.1(g), PS1.3.2.1"
"R1.7.1.2.1(g), PS1.3.2.2"
"R1.7.1.2.2, PS1.3.1.3"
"R1.7.1.2.2, PS1.3.2.1"
"R1.7.1.2.2, PS1.3.2.2"
"R1.7.1.2.2, PS1.3.2.3"
"R1.7.1.2.2, PS1.3.4.1"
"R1.7.1.2.2, PS1.3.4.5"
"R1.7.1.2.2(a), PS1.3.1.3"
"R1.7.1.2.2(a), PS1.3.2.2"
"R1.7.1.2.2(a), PS1.3.2.3"
"R1.7.1.2.2(b), PS1.3.2.2"
"R1.7.1.2.2(b), PS1.3.2.3"
"R1.7.1.2.2(c), PS1.3.2.2"
"R1.7.1.2.2(d), PS1.3.4.1"
"R1.7.1.2.2(e), PS1.3.4.5"
"R1.7.1.2.3, PS1.3.2.1"
"R1.7.1.2.3, PS1.3.3"
"R1.7.2, PS1.3.2.1"
"R1.7.2.1, PS1.3.2.1"
"R1.7.2.2, PS1.3.3"
"R1.7.2.3, PS1.3.3"
"R1.7.2.4, PS1.3.3"
"R1.7.2.5, PS1.3.3"
"R1.7.3, PS1.1.4.3"
"R1.7.3, PS1.3.3"
"R1.7.3, PS1.3.4.5"
"R1.7.3.1, PS1.3.3"
"R1.7.3.1, PS1.3.4.5"
"R1.7.3.1(a), PS1.3.3"
"R1.7.3.1(b), PS1.3.4.5"
"R1.7.3.2, PS1.3.3"
"R1.7.3.3, PS1.1.4.3"
"R1.7.3.3, PS1.3.3"
"R1.7.4, PS1.1.2.4"
"R1.7.4, PS1.1.2.7"
"R1.7.4, PS1.2.5.2"
"R1.7.4, PS1.2.5.3"
"R1.7.4, PS1.2.5.4"
"R1.7.4, PS1.2.7.2"
"R1.7.4, PS1.2.7.4"
"R1.7.4, PS1.2.8.1"
"R1.7.4, PS1.2.8.2"
"R1.7.4, PS1.2.8.3"
"R1.7.4, PS1.2.8.4"
"R1.7.4, PS1.3.2.2"
"R1.7.4, PS1.3.2.3"
"R1.7.4, PS1.3.2.4"
"R1.7.4, PS1.3.2.5"
"R1.7.4, PS1.3.3"
"R1.7.4, PS1.3.4.1"
"R1.7.4, PS1.3.4.2"
"R1.7.4, PS1.3.4.3"
"R1.7.4, PS1.3.4.4"
"R1.7.4, PS1.3.5"
"R1.7.4, PS1.3.6"
"R1.7.4, PS1.3.7"
"R1.7.4, PS6.5.3"
"R1.7.4, PS6.6.2.3"
"R1.8, PS1.1.1.1"
"R1.8, PS1.1.1.2"
"R1.8, PS1.1.2.1"
"R1.8, PS1.1.2.2"
"R1.8, PS1.1.2.4"
"R1.8, PS1.2.5.1"
"R1.8, PS1.2.5.4"
"R1.8, PS1.2.5.6"
"R1.8, PS1.2.6.1"
"R1.8, PS1.2.7.3"
"R1.8, PS1.4.1"
"R1.8, PS1.4.2"
"R1.8, PS1.4.3"
"R1.8, PS1.4.5, PS"
"R1.8, PS1.5.2, PS"
"R1.8, PS1.5.5, PS"
"R1.8, PS1.5.6, PS"
"R1.8, PS4.2.3.9, PS"
"R1.8, PS6.1.1, PS"
"R1.8, PS6.1.2, PS"
"R1.8, PS6.2.1.6, PS"
"R1.8, PS6.2.5, PS"
"R1.8, PS6.3.2, PS"
"R1.8, PS6.4.1, PS"
"R1.8, PS6.4.2, PS"
"R1.8, PS7.2.1.6, PS"
"R1.8.0, PS1.1.1.1, PS"
"R1.8.0, PS1.1.1.2, PS"
"R1.8.0, PS1.2.5.1, PS"
"R1.8.0, PS1.2.5.6, PS"
"R1.8.0, PS1.2.7.3, PS"
"R1.8.0, PS1.4.1, PS"
"R1.8.0, PS1.4.2, PS"
"R1.8.0, PS1.4.4, PS"
"R1.8.0, PS1.4.5, PS"
"R1.8.0, PS4.2.3.7, PS"
"R1.8.1, PS1.1.1.2, PS"
"R1.8.1, PS1.1.2.1, PS"
"R1.8.1, PS1.1.2.2, PS"
"R1.8.1, PS1.1.2.4, PS"
"R1.8.1, PS1.2.5.4, PS"
"R1.8.1, PS1.2.5.6, PS"
"R1.8.1, PS1.2.6.1, PS"
"R1.8.1, PS1.4.1, PS"
"R1.8.1, PS1.4.2, PS"
"R1.8.1, PS1.4.3, PS"
"R1.8.1, PS1.4.4, PS"
"R1.8.1, PS1.4.5, PS"
"R1.8.1, PS1.5.2, PS"
"R1.8.1, PS1.5.5, PS"
"R1.8.1, PS1.5.6, PS"
"R1.8.1, PS4.2.3.7, PS"
"R1.8.1, PS6.1.1, PS"
"R1.8.1, PS6.1.2, PS"
"R1.8.1, PS6.2.1.6, PS"
"R1.8.1, PS6.2.5, PS"
"R1.8.1, PS6.4.1, PS"
"R1.8.1, PS6.4.2, PS"
"R1.8.1, PS7.2.1.6, PS"
"R1.8.1.1, PS1.4.1, PS"
"R1.8.1.1, PS1.4.2, PS"
"R1.8.1.1, PS1.4.3, PS"
"R1.8.1.1, PS1.4.4, PS"
"R1.8.1.1, PS1.4.5, PS"
"R1.8.1.2, PS1.4.2"
"R1.8.1.2, PS1.4.4"
"R1.8.1.2, PS1.4.5"
"R1.8.1.2, PS4.2.3.7"
"R1.8.1.2, PS6.1.1"
"R1.8.1.2, PS6.4.1"
"R1.8.1.2, PS6.4.2"
"R1.8.1.2, PS1.1.2.4, PS"
"R1.8.1.2, PS1.2.5.4, PS"
"R1.8.1.2(a), PS1.2.5.4"
"R1.8.1.2(a), PS1.2.6.1"
"R1.8.1.2(b), PS1.1.2.4"
"R1.8.1.2(c), PS4.2.3.7"
"R1.8.1.2(d), PS6.1.1"
"R1.8.1.2(d), PS6.4.1"
"R1.8.1.2(d), PS6.4.2"
"R1.8.1.2(e), PS1.4.2"
"R1.8.1.2(e), PS1.4.4"
"R1.8.1.2(e), PS6.1.1"
"R1.8.1.2(f), PS1.4.2"
"R1.8.1.2(f), PS1.4.4"
"R1.8.1.2(g), PS6.4.1"
"R1.8.1.2(g), PS6.4.2"
"R1.8.1.3, PS1.1.2.4"
"R1.8.1.3, PS1.4.2"
"R1.8.1.3, PS1.4.4"
"R1.8.1.3, PS1.4.5"
"R1.8.1.3, PS4.2.3.7"
"R1.8.1.3, PS6.1.1"
"R1.8.1.3, PS6.4.1"
"R1.8.1.3, PS6.4.2"
"R1.8.1.3(a), PS6.1.1"
"R1.8.1.3(b), PS1.1.2.4"
"R1.8.1.3(c), PS4.2.3.7"
"R1.8.1.3(d), PS6.4.1"
"R1.8.1.3(d), PS6.4.2"
"R1.8.1.3(e), PS1.4.2"
"R1.8.1.3(e), PS1.4.4"
"R1.8.1.3(e), PS6.1.1"
"R1.8.1.3(f), PS1.4.2"
"R1.8.1.3(f), PS1.4.4"
"R1.8.1.3(f), PS6.1.1"
"R1.8.1.3(g), PS6.4.1"
"R1.8.1.3(g), PS6.4.2"
"R1.8.1.4, PS1.1.1.2"
"R1.8.1.4, PS1.1.2.2"
"R1.8.1.4, PS1.2.5.6"
"R1.8.1.4, PS1.4.2"
"R1.8.1.4, PS1.4.4"
"R1.8.1.4, PS1.4.5"
"R1.8.1.4, PS1.5.2"
"R1.8.1.4, PS1.5.5"
"R1.8.1.4, PS1.5.6"
"R1.8.1.4, PS4.2.3.7"
"R1.8.1.4(a), PS1.1.1.2"
"R1.8.1.4(b), PS1.5.5"
"R1.8.1.4(c), PS1.2.5.6"
"R1.8.1.4(c), PS4.2.3.7"
"R1.8.1.4(d), PS1.5.2"
"R1.8.1.4(d), PS1.5.6"
"R1.8.1.5, PS1.1.1.2"
"R1.8.1.5, PS1.4.2"
"R1.8.1.5, PS1.4.4"
"R1.8.1.5, PS1.4.5"
"R1.8.1.5(a), PS1.4.2"
"R1.8.1.5(a), PS1.4.4"
"R1.8.1.5(b), PS1.4.4"
"R1.8.1.5(b), PS1.4.5"
"R1.8.1.5(c), PS1.4.2"
"R1.8.1.6, PS1.1.2.1"
"R1.8.1.6, PS1.4.4"
"R1.8.1.6, PS6.1.1"
"R1.8.1.6, PS6.1.2"
"R1.8.1.6, PS6.2.1.6"
"R1.8.1.6, PS6.2.5"
"R1.8.1.6, PS7.2.1.6"
"R1.8.1.6(a), PS6.1.1"
"R1.8.1.6(a), PS6.1.2"
"R1.8.1.6(b), PS6.2.1.6"
"R1.8.1.6(c), PS6.2.5"
"R1.8.1.6(d), PS1.4.4"
"R1.8.1.6(e), PS7.2.1.6"
"R1.8.1.6(f), PS1.1.2.1"
"R1.8.2, PS1.1.1.2"
"R1.8.2, PS1.1.1.3"
"R1.8.2, PS1.1.2.1"
"R1.8.2, PS1.1.2.2"
"R1.8.2, PS1.1.2.4"
"R1.8.2, PS1.1.2.6"
"R1.8.2, PS1.2.5.1"
"R1.8.2, PS1.2.5.2"
"R1.8.2, PS1.2.5.6"
"R1.8.2, PS1.2.6.1"
"R1.8.2, PS1.2.7.3"
"R1.8.2, PS1.4.2"
"R1.8.2, PS1.4.4"
"R1.8.2, PS1.4.5"
"R1.8.2, PS1.5.1"
"R1.8.2, PS1.5.4"
"R1.8.2, PS1.5.5"
"R1.8.2, PS4.2.3.9"
"R1.8.2, PS6.1.1"
"R1.8.2, PS6.3.2"
"R1.8.2, PS6.4.1"
"R1.8.2, PS6.4.2"
"R1.8.2, PS7.1.1.1"
"R1.8.2, PS7.1.1.2"
"R1.8.2, PS7.1.1.3"
"R1.8.2, PS7.2.1.2"
"R1.8.2, PS7.2.1.6"
"R1.8.2, PS7.3.1.3"
"R1.8.2.1, PS1.1.1.3"
"R1.8.2.1, PS1.1.2.1"
"R1.8.2.1, PS1.2.5.1"
"R1.8.2.1, PS1.2.5.2"
"R1.8.2.1, PS1.4.2"
"R1.8.2.1, PS1.4.4"
"R1.8.2.1, PS1.4.5"
"R1.8.2.1, PS6.4.1"
"R1.8.2.1, PS6.4.2"
"R1.8.2.1, PS7.1.1.3"
"R1.8.2.1(a), PS1.4.2"
"R1.8.2.1(b), PS1.1.2.1"
"R1.8.2.1(c), PS1.2.5.1"
"R1.8.2.1(c), PS1.2.5.2"
"R1.8.2.1(d), PS6.4.1"
"R1.8.2.1(d), PS6.4.2"
"R1.8.2.1(e), PS1.1.1.3"
"R1.8.2.1(f), PS1.4.5"
"R1.8.2.1(f), PS7.1.1.3"
"R1.8.2.10, PS1.1.2.1"
"R1.8.2.10, PS1.1.2.6"
"R1.8.2.10, PS1.4.2"
"R1.8.2.10, PS1.4.4"
"R1.8.2.10, PS1.4.5"
"R1.8.2.10, PS7.1.1.9"
"R1.8.2.10, PS7.3.1.3"
"R1.8.2.10(a), PS7.1.1.9"
"R1.8.2.10(a), PS7.3.1.3"
"R1.8.2.10(b), PS1.1.2.6"
"R1.8.2.10(c), PS1.1.2.1"
"R1.8.2.11, PS1.1.2.4"
"R1.8.2.11, PS1.2.5.6"
"R1.8.2.11, PS1.4.2"
"R1.8.2.11, PS1.4.4"
"R1.8.2.11, PS1.4.5"
"R1.8.2.11(a), PS1.2.5.6"
"R1.8.2.11(b), PS1.1.2.4"
"R1.8.2.12, PS1.4.2"
"R1.8.2.12, PS1.4.4"
"R1.8.2.12, PS1.4.5"
"R1.8.2.12, PS7.1.1.9"
"R1.8.2.12, PS7.2.1.6"
"R1.8.2.12(a), PS7.1.1.9"
"R1.8.2.12(b), PS7.2.1.6"
"R1.8.2.13, PS1.1.1.2"
"R1.8.2.13, PS1.2.6.1"
"R1.8.2.13, PS1.4.2"
"R1.8.2.13, PS1.4.4"
"R1.8.2.13, PS1.4.5"
"R1.8.2.13, PS1.5.5"
"R1.8.2.13, PS7.1.1.2"
"R1.8.2.13, PS7.2.1.2"
"R1.8.2.13(a), PS1.2.6.1"
"R1.8.2.13(b), PS1.5.5"
"R1.8.2.13(c), PS7.1.1.1"
"R1.8.2.13(c), PS7.1.1.2"
"R1.8.2.13(c), PS7.2.1.2"
"R1.8.2.14, PS1.4.2"
"R1.8.2.14, PS1.4.4"
"R1.8.2.14, PS1.4.5"
"R1.8.2.14(a), PS1.4.4"
"R1.8.2.14(b), PS1.4.4"
"R1.8.2.14(c), PS1.4.4"
"R1.8.2.2, PS1.4.2"
"R1.8.2.2, PS1.4.4"
"R1.8.2.2, PS1.4.5"
"R1.8.2.2, PS1.5.1"
"R1.8.2.2, PS1.5.4"
"R1.8.2.2(a), PS1.5.1"
"R1.8.2.2(b), PS1.5.4"
"R1.8.2.2(c), PS1.5.1"
"R1.8.2.3, PS1.1.2.2"
"R1.8.2.3, PS1.4.2"
"R1.8.2.3, PS1.4.4"
"R1.8.2.3, PS1.4.5"
"R1.8.2.3, PS6.1.1"
"R1.8.2.3, PS6.3.2"
"R1.8.2.3(a), PS1.1.2.2"
"R1.8.2.3(a), PS1.4.4"
"R1.8.2.3(a), PS1.4.5"
"R1.8.2.3(a), PS6.3.2"
"R1.8.2.3(b), PS1.4.4"
"R1.8.2.3(c), PS1.4.4"
"R1.8.2.3(c), PS6.1.1"
"R1.8.2.3(d), PS1.1.2.2"
"R1.8.2.3(d), PS1.4.4"
"R1.8.2.4, PS1.1.2.4"
"R1.8.2.4, PS1.4.2"
"R1.8.2.4, PS1.4.4"
"R1.8.2.4, PS1.4.5"
"R1.8.2.4, PS4.2.3.9"
"R1.8.2.4, PS6.1.1"
"R1.8.2.4, PS6.4.1"
"R1.8.2.4, PS6.4.2"
"R1.8.2.4, PS7.1.1.9"
"R1.8.2.4(a), PS6.1.1"
"R1.8.2.4(b), PS1.1.2.4"
"R1.8.2.4(c), PS4.2.3.9"
"R1.8.2.4(d), PS6.4.1"
"R1.8.2.4(d), PS6.4.2"
"R1.8.2.4(e), PS7.1.1.9"
"R1.8.2.4(f), PS1.4.2"
"R1.8.2.4(f), PS1.4.4"
"R1.8.2.4(g), PS6.4.1"
"R1.8.2.4(g), PS6.4.2"
"R1.8.2.5, PS1.4.2"
"R1.8.2.5, PS1.4.4"
"R1.8.2.5, PS1.4.5"
"R1.8.2.5(a), PS1.4.2"
"R1.8.2.5(a), PS1.4.4"
"R1.8.2.5(a), PS1.4.5"
"R1.8.2.5(b), PS1.4.2"
"R1.8.2.5(b), PS1.4.4"
"R1.8.2.5(b), PS1.4.5"
"R1.8.2.5(c), PS1.4.2"
"R1.8.2.5(c), PS1.4.4"
"R1.8.2.5(c), PS1.4.5"
"R1.8.2.5(d), PS1.4.2"
"R1.8.2.5(d), PS1.4.4"
"R1.8.2.5(d), PS1.4.5"
"R1.8.2.5(e), PS1.4.2"
"R1.8.2.5(e), PS1.4.4"
"R1.8.2.5(e), PS1.4.5"
"R1.8.2.6, PS1.4.2"
"R1.8.2.6, PS1.4.4"
"R1.8.2.6, PS1.4.5"
"R1.8.2.7, PS1.4.2"
"R1.8.2.7, PS1.4.4"
"R1.8.2.7, PS1.4.5"
"R1.8.2.7(a), PS1.4.2"
"R1.8.2.7(a), PS1.4.4"
"R1.8.2.7(a), PS1.4.5"
"R1.8.2.7(b), PS1.4.2"
"R1.8.2.7(b), PS1.4.4"
"R1.8.2.7(b), PS1.4.5"
"R1.8.2.7(c), PS1.4.2"
"R1.8.2.7(c), PS1.4.4"
"R1.8.2.7(c), PS1.4.5"
"R1.8.2.8, PS1.2.7.3"
"R1.8.2.8, PS1.4.2"
"R1.8.2.8, PS1.4.4"
"R1.8.2.8, PS1.4.5"
"R1.8.2.8(a), PS1.2.7.3"
"R1.8.2.8(a), PS1.4.2"
"R1.8.2.8(a), PS1.4.4"
"R1.8.2.8(a), PS1.4.5"
"R1.8.2.8(b), PS1.2.7.3"
"R1.8.2.8(c), PS1.2.7.3"
"R1.8.2.9, PS1.4.2"
"R1.8.2.9, PS1.4.4"
"R1.8.2.9, PS1.4.5"
"R1.8.2.9(a), PS1.4.2"
"R1.8.2.9(a), PS1.4.4"
"R1.8.2.9(a), PS1.4.5"
"R1.8.2.9(b), PS1.4.2"
"R1.8.2.9(b), PS1.4.4"
"R1.8.2.9(c), PS1.4.2"
"R1.8.2.9(c), PS1.4.4"
"R1.8.2.9(c), PS1.4.5"
"R1.8.3, PS1.1.1.1"
"R1.8.3, PS1.1.1.2"
"R1.8.3, PS1.2.5.1"
"R1.8.3, PS1.2.5.6"
"R1.8.3, PS1.2.7.3"
"R1.8.3, PS1.4.2"
"R1.8.3, PS1.4.4"
"R1.8.3, PS1.4.5"
"R1.8.3, PS1.5.5"
"R1.8.3.1, PS1.1.1.1"
"R1.8.3.1, PS1.1.1.2"
"R1.8.3.1, PS1.2.5.1"
"R1.8.3.1, PS1.2.5.6"
"R1.8.3.1, PS1.2.7.3"
"R1.8.3.1, PS1.5.5"
"R1.8.3.1(a), PS1.2.5.6"
"R1.8.3.1(b), PS1.1.1.1"
"R1.8.3.1(c), PS1.2.7.3"
"R1.8.3.1(d), PS1.5.5"
"R1.9, PS1.1.2.6"
"R1.9, PS1.5.5"
"R1.9.0, PS1.1.2.6"
"R1.9.0, PS1.5.1"
"R1.9.0, PS1.5.2"
"R1.9.0, PS1.5.3"
"R1.9.0, PS1.5.4"
"R1.9.0, PS1.5.5"
"R1.9.0, PS1.5.6"
"R1.9.0, PS1.5.8"
"R1.9.1, PS1.5.1"
"R1.9.1, PS1.5.2"
"R1.9.1, PS1.5.3"
"R1.9.1, PS1.5.4"
"R1.9.1, PS1.5.6"
"R1.9.1, PS1.5.8"
"R1.9.1.1, PS1.5.2"
"R1.9.1.1, PS1.5.6"
"R1.9.1.1.1, PS1.5.2"
"R1.9.1.1.1, PS1.5.6"
"R1.9.1.1.2, PS1.5.2"
"R1.9.1.1.2, PS1.5.6"
"R1.9.1.1.3, PS1.5.2"
"R1.9.1.1.3, PS1.5.6"
"R1.9.1.2, PS1.5.1"
"R1.9.1.2, PS1.5.2"
"R1.9.1.2, PS1.5.4"
"R1.9.1.2, PS1.5.6"
"R1.9.1.2, PS1.5.8"
"R1.9.1.2.1, PS1.5.1"
"R1.9.1.2.1, PS1.5.2"
"R1.9.1.2.1, PS1.5.4"
"R1.9.1.2.1, PS1.5.6"
"R1.9.1.2.1, PS1.5.8"
"R1.9.1.2.2, PS1.5.1"
"R1.9.1.2.2, PS1.5.2"
"R1.9.1.2.2, PS1.5.3"
"R1.9.1.2.2, PS1.5.4"
"R1.9.1.2.2, PS1.5.6"
"R1.9.1.2.2, PS1.5.8"
"R1.9.2, PS1.1.2.6"
"R1.9.2, PS1.5.5"
"R1.9.2.1, PS1.1.2.6"
"R1.9.2.1, PS1.5.5"
"R1.9.2.1.1, PS1.5.5"
"R1.9.2.1.2, PS1.5.5"
"R1.9.2.1.3, PS1.1.2.6"
"R1.9.2.1.4, PS1.5.5"
"R1.9.2.1.5, PS1.5.5"
"R1.9.2.2, PS1.5.5"
"R1.9.2.2.1, PS1.5.1"
"R1.9.2.2.1, PS1.5.3"
"R1.9.2.2.1, PS1.5.4"
"R1.9.2.2.1, PS1.5.5"
"R1.9.2.2.1, PS1.5.8"
"R1.9.2.2.2, PS1.5.5"
"R1.9.2.2.3, PS1.5.1"
"R1.9.2.2.3, PS1.5.3"
"R1.9.2.2.3, PS1.5.4"
"R1.9.2.2.3, PS1.5.5"
"R1.9.2.2.3, PS1.5.8"
